id,question,heir,fardh,sahm,asalMasalah,notes,needsReview
1,زوج، عم,زوج,1/2,1,2,,False
1,زوج، عم,عم,عصبة,1,2,,False
2,زوج، ابن,زوج,1/4,1,4,,True
2,زوج، ابن,ابن,مراجعة,3,4,,True
3,زوجة، عم,زوجة,1/4,1,4,,False
3,زوجة، عم,عم,عصبة,3,4,,False
4,زوجة، ابن,زوجة,1/8,1,8,,True
4,زوجة، ابن,ابن,مراجعة,7,8,,True
5,أب، ابن,أب,1/6,1,6,,True
5,أب، ابن,ابن,مراجعة,5,6,,True
6,زوج، أب,زوج,1/2,1,2,,False
6,زوج، أب,أب,عصبة,1,2,,False
7,زوجة، أب,زوجة,1/4,1,4,,False
7,زوجة، أب,أب,عصبة,3,4,,False
8,زوج، أب، ابن,زوج,1/4,3,12,,True
8,زوج، أب، ابن,أب,1/6,2,12,,True
8,زوج، أب، ابن,ابن,مراجعة,7,12,,True
9,زوجة، أب، ابن,زوجة,1/8,3,24,,True
9,زوجة، أب، ابن,أب,1/6,4,24,,True
9,زوجة، أب، ابن,ابن,مراجعة,17,24,,True
10,أم، عم,أم,1/3,1,3,,False
10,أم، عم,عم,عصبة,2,3,,False
11,أم، ابن,أم,1/6,1,6,,True
11,أم، ابن,ابن,مراجعة,5,6,,True
12,أم، أب,أم,1/3,1,3,,False
12,أم، أب,أب,عصبة,2,3,,False
13,زوج، أم، عم,زوج,1/2,3,6,,False
13,زوج، أم، عم,أم,1/3,2,6,,False
13,زوج، أم، عم,عم,عصبة,1,6,,False
14,زوج، أم، ابن,زوج,1/4,3,12,,True
14,زوج، أم، ابن,أم,1/6,2,12,,True
14,زوج، أم، ابن,ابن,مراجعة,7,12,,True
15,زوجة، أم، عم,زوجة,1/4,3,12,,False
15,زوجة، أم، عم,أم,1/3,4,12,,False
15,زوجة، أم، عم,عم,عصبة,5,12,,False
16,زوجة، أم، ابن,زوجة,1/8,3,24,,True
16,زوجة، أم، ابن,أم,1/6,4,24,,True
16,زوجة، أم، ابن,ابن,مراجعة,17,24,,True
17,زوج، أم، أب,زوج,1/2,3,6,,False
17,زوج، أم، أب,أم,1/3 الباقي,1,6,,False
17,زوج، أم، أب,أب,عصبة,2,6,,False
18,زوجة، أم، أب,زوجة,1/4,1,4,,False
18,زوجة، أم، أب,أم,1/3 الباقي,1,4,,False
18,زوجة، أم، أب,أب,عصبة,2,4,,False
19,زوج، أم، أب، ابن,زوج,1/4,3,12,,True
19,زوج، أم، أب، ابن,أم,1/6,2,12,,True
19,زوج، أم، أب، ابن,أب,1/6,2,12,,True
19,زوج، أم، أب، ابن,ابن,مراجعة,5,12,,True
20,زوجة، أم، أب، ابن,زوجة,1/8,3,24,,True
20,زوجة، أم، أب، ابن,أم,1/6,4,24,,True
20,زوجة، أم، أب، ابن,أب,1/6,4,24,,True
20,زوجة، أم، أب، ابن,ابن,مراجعة,13,24,,True
21,جد، ابن,جد,1/6,1,6,,True
21,جد، ابن,ابن,مراجعة,5,6,,True
22,زوج، جد,زوج,1/2,1,2,,False
22,زوج، جد,جد,عصبة,1,2,,False
23,زوجة، جد,زوجة,1/4,1,4,,False
23,زوجة، جد,جد,عصبة,3,4,,False
24,زوج، جد، ابن,زوج,1/4,3,12,,True
24,زوج، جد، ابن,جد,1/6,2,12,,True
24,زوج، جد، ابن,ابن,مراجعة,7,12,,True
25,زوجة، جد، ابن,زوجة,1/8,3,24,,True
25,زوجة، جد، ابن,جد,1/6,4,24,,True
25,زوجة، جد، ابن,ابن,مراجعة,17,24,,True
26,أم، جد,أم,1/3,1,3,,False
26,أم، جد,جد,عصبة,2,3,,False
27,زوج، أم، جد,زوج,1/2,3,6,,False
27,زوج، أم، جد,أم,1/3,2,6,,False
27,زوج، أم، جد,جد,عصبة,1,6,,False
28,زوجة، أم، جد,زوجة,1/4,3,12,,False
28,زوجة، أم، جد,أم,1/3,4,12,,False
28,زوجة، أم، جد,جد,عصبة,5,12,,False
29,زوج، أم، جد، ابن,زوج,1/4,3,12,,True
29,زوج، أم، جد، ابن,أم,1/6,2,12,,True
29,زوج، أم، جد، ابن,جد,1/6,2,12,,True
29,زوج، أم، جد، ابن,ابن,مراجعة,5,12,,True
30,زوجة، أم، جد، ابن,زوجة,1/8,3,24,,True
30,زوجة، أم، جد، ابن,أم,1/6,4,24,,True
30,زوجة، أم، جد، ابن,جد,1/6,4,24,,True
30,زوجة، أم، جد، ابن,ابن,مراجعة,13,24,,True
31,جدة، عم,جدة,1/6,1,6,,False
31,جدة، عم,عم,عصبة,5,6,,False
32,جدة، ابن,جدة,1/6,1,6,,True
32,جدة، ابن,ابن,مراجعة,5,6,,True
33,جدة، أب,جدة,1/6,1,6,,False
33,جدة، أب,أب,عصبة,5,6,,False
34,زوج، جدة، عم,زوج,1/2,3,6,,False
34,زوج، جدة، عم,جدة,1/6,1,6,,False
34,زوج، جدة، عم,عم,عصبة,2,6,,False
35,زوج، جدة، ابن,زوج,1/4,3,12,,True
35,زوج، جدة، ابن,جدة,1/6,2,12,,True
35,زوج، جدة، ابن,ابن,مراجعة,7,12,,True
36,زوجة، جدة، عم,زوجة,1/4,3,12,,False
36,زوجة، جدة، عم,جدة,1/6,2,12,,False
36,زوجة، جدة، عم,عم,عصبة,7,12,,False
37,زوجة، جدة، ابن,زوجة,1/8,3,24,,True
37,زوجة، جدة، ابن,جدة,1/6,4,24,,True
37,زوجة، جدة، ابن,ابن,مراجعة,17,24,,True
38,زوج، جدة، أب,زوج,1/2,3,6,,False
38,زوج، جدة، أب,جدة,1/6,1,6,,False
38,زوج، جدة، أب,أب,عصبة,2,6,,False
39,زوجة، جدة، أب,زوجة,1/4,3,12,,False
39,زوجة، جدة، أب,جدة,1/6,2,12,,False
39,زوجة، جدة، أب,أب,عصبة,7,12,,False
40,زوج، جدة، أب، ابن,زوج,1/4,3,12,,True
40,زوج، جدة، أب، ابن,جدة,1/6,2,12,,True
40,زوج، جدة، أب، ابن,أب,1/6,2,12,,True
40,زوج، جدة، أب، ابن,ابن,مراجعة,5,12,,True
41,زوجة، جدة، أب، ابن,زوجة,1/8,3,24,,True
41,زوجة، جدة، أب، ابن,جدة,1/6,4,24,,True
41,زوجة، جدة، أب، ابن,أب,1/6,4,24,,True
41,زوجة، جدة، أب، ابن,ابن,مراجعة,13,24,,True
42,جدة، جد,جدة,1/6,1,6,,False
42,جدة، جد,جد,عصبة,5,6,,False
43,زوج، جدة، جد,زوج,1/2,3,6,,False
43,زوج، جدة، جد,جدة,1/6,1,6,,False
43,زوج، جدة، جد,جد,عصبة,2,6,,False
44,زوجة، جدة، جد,زوجة,1/4,3,12,,False
44,زوجة، جدة، جد,جدة,1/6,2,12,,False
44,زوجة، جدة، جد,جد,عصبة,7,12,,False
45,زوج، جدة، جد، ابن,زوج,1/4,3,12,,True
45,زوج، جدة، جد، ابن,جدة,1/6,2,12,,True
45,زوج، جدة، جد، ابن,جد,1/6,2,12,,True
45,زوج، جدة، جد، ابن,ابن,مراجعة,5,12,,True
46,زوجة، جدة، جد، ابن,زوجة,1/8,3,24,,True
46,زوجة، جدة، جد، ابن,جدة,1/6,4,24,,True
46,زوجة، جدة، جد، ابن,جد,1/6,4,24,,True
46,زوجة، جدة، جد، ابن,ابن,مراجعة,13,24,,True
47,بنت، عم,بنت,1/2,1,2,,False
47,بنت، عم,عم,عصبة,1,2,,False
48,بنت، ابن,بنت,عصبة,1,3,,True
48,بنت، ابن,ابن,مراجعة,2,3,,True
49,زوج، بنت، عم,زوج,1/4,1,4,,False
49,زوج، بنت، عم,بنت,1/2,2,4,,False
49,زوج، بنت، عم,عم,عصبة,1,4,,False
50,زوجة، بنت، عم,زوجة,1/8,1,8,,False
50,زوجة، بنت، عم,بنت,1/2,4,8,,False
50,زوجة، بنت، عم,عم,عصبة,3,8,,False
51,زوج، بنت، ابن,زوج,1/4,1,4,,True
51,زوج، بنت، ابن,بنت,عصبة,1,4,,True
51,زوج، بنت، ابن,ابن,مراجعة,2,4,,True
52,زوجة، بنت، ابن,زوجة,1/8,3,24,,True
52,زوجة، بنت، ابن,بنت,عصبة,7,24,,True
52,زوجة، بنت، ابن,ابن,مراجعة,14,24,,True
53,بنت، أب,بنت,1/2,1,2,,False
53,بنت، أب,أب,1/6,1,2,,False
54,أب، بنت، ابن,أب,1/6,3,18,,True
54,أب، بنت، ابن,بنت,عصبة,5,18,,True
54,أب، بنت، ابن,ابن,مراجعة,10,18,,True
55,بنت، أم، عم,بنت,1/2,3,6,,False
55,بنت، أم، عم,أم,1/6,1,6,,False
55,بنت، أم، عم,عم,عصبة,2,6,,False
56,بنت، أم، ابن,بنت,عصبة,5,18,,True
56,بنت، أم، ابن,أم,1/6,3,18,,True
56,بنت، أم، ابن,ابن,مراجعة,10,18,,True
57,بنت، جد,بنت,1/2,1,2,,False
57,بنت، جد,جد,1/6,1,2,,False
58,بنت، جد، ابن,بنت,عصبة,5,18,,True
58,بنت، جد، ابن,جد,1/6,3,18,,True
58,بنت، جد، ابن,ابن,مراجعة,10,18,,True
59,بنت، جدة، عم,بنت,1/2,3,6,,False
59,بنت، جدة، عم,جدة,1/6,1,6,,False
59,بنت، جدة، عم,عم,عصبة,2,6,,False
60,بنت، جدة، ابن,بنت,عصبة,5,18,,True
60,بنت، جدة، ابن,جدة,1/6,3,18,,True
60,بنت، جدة، ابن,ابن,مراجعة,10,18,,True
61,زوج، بنت، أب,زوج,1/4,1,4,,False
61,زوج، بنت، أب,بنت,1/2,2,4,,False
61,زوج، بنت، أب,أب,1/6,1,4,,False
62,زوج، أب، بنت، ابن,زوج,1/4,9,36,,True
62,زوج، أب، بنت، ابن,أب,1/6,6,36,,True
62,زوج، أب، بنت، ابن,بنت,عصبة,7,36,,True
62,زوج، أب، بنت، ابن,ابن,مراجعة,14,36,,True
63,زوجة، بنت، أب,زوجة,1/8,1,8,,False
63,زوجة، بنت، أب,بنت,1/2,4,8,,False
63,زوجة، بنت، أب,أب,1/6,3,8,,False
64,زوجة، أب، بنت، ابن,زوجة,1/8,9,72,,True
64,زوجة، أب، بنت، ابن,أب,1/6,12,72,,True
64,زوجة، أب، بنت، ابن,بنت,عصبة,17,72,,True
64,زوجة، أب، بنت، ابن,ابن,مراجعة,34,72,,True
65,زوج، أم، بنت، عم,زوج,1/4,3,12,,False
65,زوج، أم، بنت، عم,أم,1/6,2,12,,False
65,زوج، أم، بنت، عم,بنت,1/2,6,12,,False
65,زوج، أم، بنت، عم,عم,عصبة,1,12,,False
66,زوج، أم، بنت، ابن,زوج,1/4,9,36,,True
66,زوج، أم، بنت، ابن,أم,1/6,6,36,,True
66,زوج، أم، بنت، ابن,بنت,عصبة,7,36,,True
66,زوج، أم، بنت، ابن,ابن,مراجعة,14,36,,True
67,زوجة، أم، بنت، عم,زوجة,1/8,3,24,,False
67,زوجة، أم، بنت، عم,أم,1/6,4,24,,False
67,زوجة، أم، بنت، عم,بنت,1/2,12,24,,False
67,زوجة، أم، بنت، عم,عم,عصبة,5,24,,False
68,زوجة، أم، بنت، ابن,زوجة,1/8,9,72,,True
68,زوجة، أم، بنت، ابن,أم,1/6,12,72,,True
68,زوجة، أم، بنت، ابن,بنت,عصبة,17,72,,True
68,زوجة، أم، بنت، ابن,ابن,مراجعة,34,72,,True
69,زوج، بنت، جد,زوج,1/4,1,4,,False
69,زوج، بنت، جد,بنت,1/2,2,4,,False
69,زوج، بنت، جد,جد,1/6,1,4,,False
70,زوج، جد، بنت، ابن,زوج,1/4,9,36,,True
70,زوج، جد، بنت، ابن,جد,1/6,6,36,,True
70,زوج، جد، بنت، ابن,بنت,عصبة,7,36,,True
70,زوج، جد، بنت، ابن,ابن,مراجعة,14,36,,True
71,زوجة، بنت، جد,زوجة,1/8,1,8,,False
71,زوجة، بنت، جد,بنت,1/2,4,8,,False
71,زوجة، بنت، جد,جد,1/6,3,8,,False
72,زوجة، جد، بنت، ابن,زوجة,1/8,9,72,,True
72,زوجة، جد، بنت، ابن,جد,1/6,12,72,,True
72,زوجة، جد، بنت، ابن,بنت,عصبة,17,72,,True
72,زوجة، جد، بنت، ابن,ابن,مراجعة,34,72,,True
73,زوج، جدة، بنت، عم,زوج,1/4,3,12,,False
73,زوج، جدة، بنت، عم,جدة,1/6,2,12,,False
73,زوج، جدة، بنت، عم,بنت,1/2,6,12,,False
73,زوج، جدة، بنت، عم,عم,عصبة,1,12,,False
74,زوج، جدة، بنت، ابن,زوج,1/4,9,36,,True
74,زوج، جدة، بنت، ابن,جدة,1/6,6,36,,True
74,زوج، جدة، بنت، ابن,بنت,عصبة,7,36,,True
74,زوج، جدة، بنت، ابن,ابن,مراجعة,14,36,,True
75,زوجة، جدة، بنت، عم,زوجة,1/8,3,24,,False
75,زوجة، جدة، بنت، عم,جدة,1/6,4,24,,False
75,زوجة، جدة، بنت، عم,بنت,1/2,12,24,,False
75,زوجة، جدة، بنت، عم,عم,عصبة,5,24,,False
76,زوجة، جدة، بنت، ابن,زوجة,1/8,9,72,,True
76,زوجة، جدة، بنت، ابن,جدة,1/6,12,72,,True
76,زوجة، جدة، بنت، ابن,بنت,عصبة,17,72,,True
76,زوجة، جدة، بنت، ابن,ابن,مراجعة,34,72,,True
77,زوج، أم، بنت، أب,زوج,1/4,3,13,عالت المسألة,False
77,زوج، أم، بنت، أب,أم,1/6,2,13,عالت المسألة,False
77,زوج، أم، بنت، أب,بنت,1/2,6,13,عالت المسألة,False
77,زوج، أم، بنت، أب,أب,1/6,2,13,عالت المسألة,False
78,زوج، أم، أب، بنت، ابن,زوج,1/4,9,36,,True
78,زوج، أم، أب، بنت، ابن,أم,1/6,6,36,,True
78,زوج، أم، أب، بنت، ابن,أب,1/6,6,36,,True
78,زوج، أم، أب، بنت، ابن,بنت,عصبة,5,36,,True
78,زوج، أم، أب، بنت، ابن,ابن,مراجعة,10,36,,True
79,زوجة، أم، بنت، أب,زوجة,1/8,3,24,,False
79,زوجة، أم، بنت، أب,أم,1/6,4,24,,False
79,زوجة، أم، بنت، أب,بنت,1/2,12,24,,False
79,زوجة، أم، بنت، أب,أب,1/6,5,24,,False
80,زوجة، أم، أب، بنت، ابن,زوجة,1/8,9,72,,True
80,زوجة، أم، أب، بنت، ابن,أم,1/6,12,72,,True
80,زوجة، أم، أب، بنت، ابن,أب,1/6,12,72,,True
80,زوجة، أم، أب، بنت، ابن,بنت,عصبة,13,72,,True
80,زوجة، أم، أب، بنت، ابن,ابن,مراجعة,26,72,,True
81,زوج، أم، بنت، جد,زوج,1/4,3,13,عالت المسألة,False
81,زوج، أم، بنت، جد,أم,1/6,2,13,عالت المسألة,False
81,زوج، أم، بنت، جد,بنت,1/2,6,13,عالت المسألة,False
81,زوج، أم، بنت، جد,جد,1/6,2,13,عالت المسألة,False
82,زوج، أم، جد، بنت، ابن,زوج,1/4,9,36,,True
82,زوج، أم، جد، بنت، ابن,أم,1/6,6,36,,True
82,زوج، أم، جد، بنت، ابن,جد,1/6,6,36,,True
82,زوج، أم، جد، بنت، ابن,بنت,عصبة,5,36,,True
82,زوج، أم، جد، بنت، ابن,ابن,مراجعة,10,36,,True
83,زوجة، أم، بنت، جد,زوجة,1/8,3,24,,False
83,زوجة، أم، بنت، جد,أم,1/6,4,24,,False
83,زوجة، أم، بنت، جد,بنت,1/2,12,24,,False
83,زوجة، أم، بنت، جد,جد,1/6,5,24,,False
84,زوجة، أم، جد، بنت، ابن,زوجة,1/8,9,72,,True
84,زوجة، أم، جد، بنت، ابن,أم,1/6,12,72,,True
84,زوجة، أم، جد، بنت، ابن,جد,1/6,12,72,,True
84,زوجة، أم، جد، بنت، ابن,بنت,عصبة,13,72,,True
84,زوجة، أم، جد، بنت، ابن,ابن,مراجعة,26,72,,True
85,زوج، جدة، بنت، أب,زوج,1/4,3,13,عالت المسألة,False
85,زوج، جدة، بنت، أب,جدة,1/6,2,13,عالت المسألة,False
85,زوج، جدة، بنت، أب,بنت,1/2,6,13,عالت المسألة,False
85,زوج، جدة، بنت، أب,أب,1/6,2,13,عالت المسألة,False
86,زوج، جدة، أب، بنت، ابن,زوج,1/4,9,36,,True
86,زوج، جدة، أب، بنت، ابن,جدة,1/6,6,36,,True
86,زوج، جدة، أب، بنت، ابن,أب,1/6,6,36,,True
86,زوج، جدة، أب، بنت، ابن,بنت,عصبة,5,36,,True
86,زوج، جدة، أب، بنت، ابن,ابن,مراجعة,10,36,,True
87,زوجة، جدة، بنت، أب,زوجة,1/8,3,24,,False
87,زوجة، جدة، بنت، أب,جدة,1/6,4,24,,False
87,زوجة، جدة، بنت، أب,بنت,1/2,12,24,,False
87,زوجة، جدة، بنت، أب,أب,1/6,5,24,,False
88,زوجة، جدة، أب، بنت، ابن,زوجة,1/8,9,72,,True
88,زوجة، جدة، أب، بنت، ابن,جدة,1/6,12,72,,True
88,زوجة، جدة، أب، بنت، ابن,أب,1/6,12,72,,True
88,زوجة، جدة، أب، بنت، ابن,بنت,عصبة,13,72,,True
88,زوجة، جدة، أب، بنت، ابن,ابن,مراجعة,26,72,,True
89,زوج، جدة، بنت، جد,زوج,1/4,3,13,عالت المسألة,False
89,زوج، جدة، بنت، جد,جدة,1/6,2,13,عالت المسألة,False
89,زوج، جدة، بنت، جد,بنت,1/2,6,13,عالت المسألة,False
89,زوج، جدة، بنت، جد,جد,1/6,2,13,عالت المسألة,False
90,زوج، جدة، جد، بنت، ابن,زوج,1/4,9,36,,True
90,زوج، جدة، جد، بنت، ابن,جدة,1/6,6,36,,True
90,زوج، جدة، جد، بنت، ابن,جد,1/6,6,36,,True
90,زوج، جدة، جد، بنت، ابن,بنت,عصبة,5,36,,True
90,زوج، جدة، جد، بنت، ابن,ابن,مراجعة,10,36,,True
91,زوجة، جدة، بنت، جد,زوجة,1/8,3,24,,False
91,زوجة، جدة، بنت، جد,جدة,1/6,4,24,,False
91,زوجة، جدة، بنت، جد,بنت,1/2,12,24,,False
91,زوجة، جدة، بنت، جد,جد,1/6,5,24,,False
92,زوجة، جدة، جد، بنت، ابن,زوجة,1/8,9,72,,True
92,زوجة، جدة، جد، بنت، ابن,جدة,1/6,12,72,,True
92,زوجة، جدة، جد، بنت، ابن,جد,1/6,12,72,,True
92,زوجة، جدة، جد، بنت، ابن,بنت,عصبة,13,72,,True
92,زوجة، جدة، جد، بنت، ابن,ابن,مراجعة,26,72,,True
93,بنات، عم,بنات,2/3,2,3,,False
93,بنات، عم,عم,عصبة,1,3,,False
94,بنات، ابن,بنات,عصبة,1,3,,True
94,بنات، ابن,ابن,مراجعة,2,3,,True
95,زوج، بنات، عم,زوج,1/4,3,12,,False
95,زوج، بنات، عم,بنات,2/3,8,12,,False
95,زوج، بنات، عم,عم,عصبة,1,12,,False
96,زوجة، بنات، عم,زوجة,1/8,3,24,,False
96,زوجة، بنات، عم,بنات,2/3,16,24,,False
96,زوجة، بنات، عم,عم,عصبة,5,24,,False
97,زوج، بنات، ابن,زوج,1/4,1,4,,True
97,زوج، بنات، ابن,بنات,عصبة,1,4,,True
97,زوج، بنات، ابن,ابن,مراجعة,2,4,,True
98,زوجة، بنات، ابن,زوجة,1/8,3,24,,True
98,زوجة، بنات، ابن,بنات,عصبة,7,24,,True
98,زوجة، بنات، ابن,ابن,مراجعة,14,24,,True
99,بنات، أب,بنات,2/3,2,3,,False
99,بنات، أب,أب,1/6,1,3,,False
100,أب، بنات، ابن,أب,1/6,3,18,,True
100,أب، بنات، ابن,بنات,عصبة,5,18,,True
100,أب، بنات، ابن,ابن,مراجعة,10,18,,True
101,بنات، أم، عم,بنات,2/3,4,6,,False
101,بنات، أم، عم,أم,1/6,1,6,,False
101,بنات، أم، عم,عم,عصبة,1,6,,False
102,بنات، أم، ابن,بنات,عصبة,5,18,,True
102,بنات، أم، ابن,أم,1/6,3,18,,True
102,بنات، أم، ابن,ابن,مراجعة,10,18,,True
103,بنات، جد,بنات,2/3,2,3,,False
103,بنات، جد,جد,1/6,1,3,,False
104,بنات، جد، ابن,بنات,عصبة,5,18,,True
104,بنات، جد، ابن,جد,1/6,3,18,,True
104,بنات، جد، ابن,ابن,مراجعة,10,18,,True
105,بنات، جدة، عم,بنات,2/3,4,6,,False
105,بنات، جدة، عم,جدة,1/6,1,6,,False
105,بنات، جدة، عم,عم,عصبة,1,6,,False
106,بنات، جدة، ابن,بنات,عصبة,5,18,,True
106,بنات، جدة، ابن,جدة,1/6,3,18,,True
106,بنات، جدة، ابن,ابن,مراجعة,10,18,,True
107,زوج، بنات، أب,زوج,1/4,3,13,عالت المسألة,False
107,زوج، بنات، أب,بنات,2/3,8,13,عالت المسألة,False
107,زوج، بنات، أب,أب,1/6,2,13,عالت المسألة,False
108,زوج، أب، بنات، ابن,زوج,1/4,9,36,,True
108,زوج، أب، بنات، ابن,أب,1/6,6,36,,True
108,زوج، أب، بنات، ابن,بنات,عصبة,7,36,,True
108,زوج، أب، بنات، ابن,ابن,مراجعة,14,36,,True
109,زوجة، بنات، أب,زوجة,1/8,3,24,,False
109,زوجة، بنات، أب,بنات,2/3,16,24,,False
109,زوجة، بنات، أب,أب,1/6,5,24,,False
110,زوجة، أب، بنات، ابن,زوجة,1/8,9,72,,True
110,زوجة، أب، بنات، ابن,أب,1/6,12,72,,True
110,زوجة، أب، بنات، ابن,بنات,عصبة,17,72,,True
110,زوجة، أب، بنات، ابن,ابن,مراجعة,34,72,,True
111,زوج، أم، بنات، عم,زوج,1/4,3,13,عالت المسألة,False
111,زوج، أم، بنات، عم,أم,1/6,2,13,عالت المسألة,False
111,زوج، أم، بنات، عم,بنات,2/3,8,13,عالت المسألة,False
111,زوج، أم، بنات، عم,عم,عصبة,0,13,عالت المسألة,False
112,زوج، أم، بنات، ابن,زوج,1/4,9,36,,True
112,زوج، أم، بنات، ابن,أم,1/6,6,36,,True
112,زوج، أم، بنات، ابن,بنات,عصبة,7,36,,True
112,زوج، أم، بنات، ابن,ابن,مراجعة,14,36,,True
113,زوجة، أم، بنات، عم,زوجة,1/8,3,24,,False
113,زوجة، أم، بنات، عم,أم,1/6,4,24,,False
113,زوجة، أم، بنات، عم,بنات,2/3,16,24,,False
113,زوجة، أم، بنات، عم,عم,عصبة,1,24,,False
114,زوجة، أم، بنات، ابن,زوجة,1/8,9,72,,True
114,زوجة، أم، بنات، ابن,أم,1/6,12,72,,True
114,زوجة، أم، بنات، ابن,بنات,عصبة,17,72,,True
114,زوجة، أم، بنات، ابن,ابن,مراجعة,34,72,,True
115,زوج، بنات، جد,زوج,1/4,3,13,عالت المسألة,False
115,زوج، بنات، جد,بنات,2/3,8,13,عالت المسألة,False
115,زوج، بنات، جد,جد,1/6,2,13,عالت المسألة,False
116,زوج، جد، بنات، ابن,زوج,1/4,9,36,,True
116,زوج، جد، بنات، ابن,جد,1/6,6,36,,True
116,زوج، جد، بنات، ابن,بنات,عصبة,7,36,,True
116,زوج، جد، بنات، ابن,ابن,مراجعة,14,36,,True
117,زوجة، بنات، جد,زوجة,1/8,3,24,,False
117,زوجة، بنات، جد,بنات,2/3,16,24,,False
117,زوجة، بنات، جد,جد,1/6,5,24,,False
118,زوجة، جد، بنات، ابن,زوجة,1/8,9,72,,True
118,زوجة، جد، بنات، ابن,جد,1/6,12,72,,True
118,زوجة، جد، بنات، ابن,بنات,عصبة,17,72,,True
118,زوجة، جد، بنات، ابن,ابن,مراجعة,34,72,,True
119,زوج، جدة، بنات، عم,زوج,1/4,3,13,عالت المسألة,False
119,زوج، جدة، بنات، عم,جدة,1/6,2,13,عالت المسألة,False
119,زوج، جدة، بنات، عم,بنات,2/3,8,13,عالت المسألة,False
119,زوج، جدة، بنات، عم,عم,عصبة,0,13,عالت المسألة,False
120,زوج، جدة، بنات، ابن,زوج,1/4,9,36,,True
120,زوج، جدة، بنات، ابن,جدة,1/6,6,36,,True
120,زوج، جدة، بنات، ابن,بنات,عصبة,7,36,,True
120,زوج، جدة، بنات، ابن,ابن,مراجعة,14,36,,True
121,زوجة، جدة، بنات، عم,زوجة,1/8,3,24,,False
121,زوجة، جدة، بنات، عم,جدة,1/6,4,24,,False
121,زوجة، جدة، بنات، عم,بنات,2/3,16,24,,False
121,زوجة، جدة، بنات، عم,عم,عصبة,1,24,,False
122,زوجة، جدة، بنات، ابن,زوجة,1/8,9,72,,True
122,زوجة، جدة، بنات، ابن,جدة,1/6,12,72,,True
122,زوجة، جدة، بنات، ابن,بنات,عصبة,17,72,,True
122,زوجة، جدة، بنات، ابن,ابن,مراجعة,34,72,,True
123,زوج، أم، بنات، أب,زوج,1/4,3,15,عالت المسألة,False
123,زوج، أم، بنات، أب,أم,1/6,2,15,عالت المسألة,False
123,زوج، أم، بنات، أب,بنات,2/3,8,15,عالت المسألة,False
123,زوج، أم، بنات، أب,أب,1/6,2,15,عالت المسألة,False
124,زوج، أم، أب، بنات، ابن,زوج,1/4,9,36,,True
124,زوج، أم، أب، بنات، ابن,أم,1/6,6,36,,True
124,زوج، أم، أب، بنات، ابن,أب,1/6,6,36,,True
124,زوج، أم، أب، بنات، ابن,بنات,عصبة,5,36,,True
124,زوج، أم، أب، بنات، ابن,ابن,مراجعة,10,36,,True
125,زوجة، أم، بنات، أب,زوجة,1/8,3,27,عالت المسألة,False
125,زوجة، أم، بنات، أب,أم,1/6,4,27,عالت المسألة,False
125,زوجة، أم، بنات، أب,بنات,2/3,16,27,عالت المسألة,False
125,زوجة، أم، بنات، أب,أب,1/6,4,27,عالت المسألة,False
126,زوجة، أم، أب، بنات، ابن,زوجة,1/8,9,72,,True
126,زوجة، أم، أب، بنات، ابن,أم,1/6,12,72,,True
126,زوجة، أم، أب، بنات، ابن,أب,1/6,12,72,,True
126,زوجة، أم، أب، بنات، ابن,بنات,عصبة,13,72,,True
126,زوجة، أم، أب، بنات، ابن,ابن,مراجعة,26,72,,True
127,زوج، أم، بنات، جد,زوج,1/4,3,15,عالت المسألة,False
127,زوج، أم، بنات، جد,أم,1/6,2,15,عالت المسألة,False
127,زوج، أم، بنات، جد,بنات,2/3,8,15,عالت المسألة,False
127,زوج، أم، بنات، جد,جد,1/6,2,15,عالت المسألة,False
128,زوج، أم، جد، بنات، ابن,زوج,1/4,9,36,,True
128,زوج، أم، جد، بنات، ابن,أم,1/6,6,36,,True
128,زوج، أم، جد، بنات، ابن,جد,1/6,6,36,,True
128,زوج، أم، جد، بنات، ابن,بنات,عصبة,5,36,,True
128,زوج، أم، جد، بنات، ابن,ابن,مراجعة,10,36,,True
129,زوجة، أم، بنات، جد,زوجة,1/8,3,27,عالت المسألة,False
129,زوجة، أم، بنات، جد,أم,1/6,4,27,عالت المسألة,False
129,زوجة، أم، بنات، جد,بنات,2/3,16,27,عالت المسألة,False
129,زوجة، أم، بنات، جد,جد,1/6,4,27,عالت المسألة,False
130,زوجة، أم، جد، بنات، ابن,زوجة,1/8,9,72,,True
130,زوجة، أم، جد، بنات، ابن,أم,1/6,12,72,,True
130,زوجة، أم، جد، بنات، ابن,جد,1/6,12,72,,True
130,زوجة، أم، جد، بنات، ابن,بنات,عصبة,13,72,,True
130,زوجة، أم، جد، بنات، ابن,ابن,مراجعة,26,72,,True
131,زوج، جدة، بنات، أب,زوج,1/4,3,15,عالت المسألة,False
131,زوج، جدة، بنات، أب,جدة,1/6,2,15,عالت المسألة,False
131,زوج، جدة، بنات، أب,بنات,2/3,8,15,عالت المسألة,False
131,زوج، جدة، بنات، أب,أب,1/6,2,15,عالت المسألة,False
132,زوج، جدة، أب، بنات، ابن,زوج,1/4,9,36,,True
132,زوج، جدة، أب، بنات، ابن,جدة,1/6,6,36,,True
132,زوج، جدة، أب، بنات، ابن,أب,1/6,6,36,,True
132,زوج، جدة، أب، بنات، ابن,بنات,عصبة,5,36,,True
132,زوج، جدة، أب، بنات، ابن,ابن,مراجعة,10,36,,True
133,زوجة، جدة، بنات، أب,زوجة,1/8,3,27,عالت المسألة,False
133,زوجة، جدة، بنات، أب,جدة,1/6,4,27,عالت المسألة,False
133,زوجة، جدة، بنات، أب,بنات,2/3,16,27,عالت المسألة,False
133,زوجة، جدة، بنات، أب,أب,1/6,4,27,عالت المسألة,False
134,زوجة، جدة، أب، بنات، ابن,زوجة,1/8,9,72,,True
134,زوجة، جدة، أب، بنات، ابن,جدة,1/6,12,72,,True
134,زوجة، جدة، أب، بنات، ابن,أب,1/6,12,72,,True
134,زوجة، جدة، أب، بنات، ابن,بنات,عصبة,13,72,,True
134,زوجة، جدة، أب، بنات، ابن,ابن,مراجعة,26,72,,True
135,زوج، جدة، بنات، جد,زوج,1/4,3,15,عالت المسألة,False
135,زوج، جدة، بنات، جد,جدة,1/6,2,15,عالت المسألة,False
135,زوج، جدة، بنات، جد,بنات,2/3,8,15,عالت المسألة,False
135,زوج، جدة، بنات، جد,جد,1/6,2,15,عالت المسألة,False
136,زوج، جدة، جد، بنات، ابن,زوج,1/4,9,36,,True
136,زوج، جدة، جد، بنات، ابن,جدة,1/6,6,36,,True
136,زوج، جدة، جد، بنات، ابن,جد,1/6,6,36,,True
136,زوج، جدة، جد، بنات، ابن,بنات,عصبة,5,36,,True
136,زوج، جدة، جد، بنات، ابن,ابن,مراجعة,10,36,,True
137,زوجة، جدة، بنات، جد,زوجة,1/8,3,27,عالت المسألة,False
137,زوجة، جدة، بنات، جد,جدة,1/6,4,27,عالت المسألة,False
137,زوجة، جدة، بنات، جد,بنات,2/3,16,27,عالت المسألة,False
137,زوجة، جدة، بنات، جد,جد,1/6,4,27,عالت المسألة,False
138,زوجة، جدة، جد، بنات، ابن,زوجة,1/8,9,72,,True
138,زوجة، جدة، جد، بنات، ابن,جدة,1/6,12,72,,True
138,زوجة، جدة، جد، بنات، ابن,جد,1/6,12,72,,True
138,زوجة، جدة، جد، بنات، ابن,بنات,عصبة,13,72,,True
138,زوجة، جدة، جد، بنات، ابن,ابن,مراجعة,26,72,,True
139,بنت ابن، عم,بنت ابن,1/2,1,2,,False
139,بنت ابن، عم,عم,عصبة,1,2,,False
140,بنت ابن، ابن ابن,بنت ابن,عصبة,1,3,,False
140,بنت ابن، ابن ابن,ابن ابن,عصبة,2,3,,False
141,زوج، بنت ابن، عم,زوج,1/4,1,4,,False
141,زوج، بنت ابن، عم,بنت ابن,1/2,2,4,,False
141,زوج، بنت ابن، عم,عم,عصبة,1,4,,False
142,زوجة، بنت ابن، عم,زوجة,1/8,1,8,,False
142,زوجة، بنت ابن، عم,بنت ابن,1/2,4,8,,False
142,زوجة، بنت ابن، عم,عم,عصبة,3,8,,False
143,زوج، بنت ابن، ابن ابن,زوج,1/4,1,4,,False
143,زوج، بنت ابن، ابن ابن,بنت ابن,عصبة,1,4,,False
143,زوج، بنت ابن، ابن ابن,ابن ابن,عصبة,2,4,,False
144,زوجة، بنت ابن، ابن ابن,زوجة,1/8,3,24,,False
144,زوجة، بنت ابن، ابن ابن,بنت ابن,عصبة,7,24,,False
144,زوجة، بنت ابن، ابن ابن,ابن ابن,عصبة,14,24,,False
145,بنت ابن، أب,بنت ابن,1/2,1,2,,False
145,بنت ابن، أب,أب,1/6,1,2,,False
146,أب، بنت ابن، ابن ابن,أب,1/6,3,18,,False
146,أب، بنت ابن، ابن ابن,بنت ابن,عصبة,5,18,,False
146,أب، بنت ابن، ابن ابن,ابن ابن,عصبة,10,18,,False
147,بنت ابن، أم، عم,بنت ابن,1/2,3,6,,False
147,بنت ابن، أم، عم,أم,1/6,1,6,,False
147,بنت ابن، أم، عم,عم,عصبة,2,6,,False
148,بنت ابن، أم، ابن ابن,بنت ابن,عصبة,5,18,,False
148,بنت ابن، أم، ابن ابن,أم,1/6,3,18,,False
148,بنت ابن، أم، ابن ابن,ابن ابن,عصبة,10,18,,False
149,بنت ابن، جد,بنت ابن,1/2,1,2,,False
149,بنت ابن، جد,جد,1/6,1,2,,False
150,بنت ابن، جد، ابن ابن,بنت ابن,عصبة,5,18,,False
150,بنت ابن، جد، ابن ابن,جد,1/6,3,18,,False
150,بنت ابن، جد، ابن ابن,ابن ابن,عصبة,10,18,,False
151,بنت ابن، جدة، عم,بنت ابن,1/2,3,6,,False
151,بنت ابن، جدة، عم,جدة,1/6,1,6,,False
151,بنت ابن، جدة، عم,عم,عصبة,2,6,,False
152,بنت ابن، جدة، ابن ابن,بنت ابن,عصبة,5,18,,False
152,بنت ابن، جدة، ابن ابن,جدة,1/6,3,18,,False
152,بنت ابن، جدة، ابن ابن,ابن ابن,عصبة,10,18,,False
153,زوج، بنت ابن، أب,زوج,1/4,1,4,,False
153,زوج، بنت ابن، أب,بنت ابن,1/2,2,4,,False
153,زوج، بنت ابن، أب,أب,1/6,1,4,,False
154,زوج، أب، بنت ابن، ابن ابن,زوج,1/4,9,36,,False
154,زوج، أب، بنت ابن، ابن ابن,أب,1/6,6,36,,False
154,زوج، أب، بنت ابن، ابن ابن,بنت ابن,عصبة,7,36,,False
154,زوج، أب، بنت ابن، ابن ابن,ابن ابن,عصبة,14,36,,False
155,زوجة، بنت ابن، أب,زوجة,1/8,1,8,,False
155,زوجة، بنت ابن، أب,بنت ابن,1/2,4,8,,False
155,زوجة، بنت ابن، أب,أب,1/6,3,8,,False
156,زوجة، أب، بنت ابن، ابن ابن,زوجة,1/8,9,72,,False
156,زوجة، أب، بنت ابن، ابن ابن,أب,1/6,12,72,,False
156,زوجة، أب، بنت ابن، ابن ابن,بنت ابن,عصبة,17,72,,False
156,زوجة، أب، بنت ابن، ابن ابن,ابن ابن,عصبة,34,72,,False
157,زوج، أم، بنت ابن، عم,زوج,1/4,3,12,,False
157,زوج، أم، بنت ابن، عم,أم,1/6,2,12,,False
157,زوج، أم، بنت ابن، عم,بنت ابن,1/2,6,12,,False
157,زوج، أم، بنت ابن، عم,عم,عصبة,1,12,,False
158,زوج، أم، بنت ابن، ابن ابن,زوج,1/4,9,36,,False
158,زوج، أم، بنت ابن، ابن ابن,أم,1/6,6,36,,False
158,زوج، أم، بنت ابن، ابن ابن,بنت ابن,عصبة,7,36,,False
158,زوج، أم، بنت ابن، ابن ابن,ابن ابن,عصبة,14,36,,False
159,زوجة، أم، بنت ابن، عم,زوجة,1/8,3,24,,False
159,زوجة، أم، بنت ابن، عم,أم,1/6,4,24,,False
159,زوجة، أم، بنت ابن، عم,بنت ابن,1/2,12,24,,False
159,زوجة، أم، بنت ابن، عم,عم,عصبة,5,24,,False
160,زوجة، أم، بنت ابن، ابن ابن,زوجة,1/8,9,72,,False
160,زوجة، أم، بنت ابن، ابن ابن,أم,1/6,12,72,,False
160,زوجة، أم، بنت ابن، ابن ابن,بنت ابن,عصبة,17,72,,False
160,زوجة، أم، بنت ابن، ابن ابن,ابن ابن,عصبة,34,72,,False
161,زوج، بنت ابن، جد,زوج,1/4,1,4,,False
161,زوج، بنت ابن، جد,بنت ابن,1/2,2,4,,False
161,زوج، بنت ابن، جد,جد,1/6,1,4,,False
162,زوج، جد، بنت ابن، ابن ابن,زوج,1/4,9,36,,False
162,زوج، جد، بنت ابن، ابن ابن,جد,1/6,6,36,,False
162,زوج، جد، بنت ابن، ابن ابن,بنت ابن,عصبة,7,36,,False
162,زوج، جد، بنت ابن، ابن ابن,ابن ابن,عصبة,14,36,,False
163,زوجة، بنت ابن، جد,زوجة,1/8,1,8,,False
163,زوجة، بنت ابن، جد,بنت ابن,1/2,4,8,,False
163,زوجة، بنت ابن، جد,جد,1/6,3,8,,False
164,زوجة، جد، بنت ابن، ابن ابن,زوجة,1/8,9,72,,False
164,زوجة، جد، بنت ابن، ابن ابن,جد,1/6,12,72,,False
164,زوجة، جد، بنت ابن، ابن ابن,بنت ابن,عصبة,17,72,,False
164,زوجة، جد، بنت ابن، ابن ابن,ابن ابن,عصبة,34,72,,False
165,زوج، جدة، بنت ابن، عم,زوج,1/4,3,12,,False
165,زوج، جدة، بنت ابن، عم,جدة,1/6,2,12,,False
165,زوج، جدة، بنت ابن، عم,بنت ابن,1/2,6,12,,False
165,زوج، جدة، بنت ابن، عم,عم,عصبة,1,12,,False
166,زوج، جدة، بنت ابن، ابن ابن,زوج,1/4,9,36,,False
166,زوج، جدة، بنت ابن، ابن ابن,جدة,1/6,6,36,,False
166,زوج، جدة، بنت ابن، ابن ابن,بنت ابن,عصبة,7,36,,False
166,زوج، جدة، بنت ابن، ابن ابن,ابن ابن,عصبة,14,36,,False
167,زوجة، جدة، بنت ابن، عم,زوجة,1/8,3,24,,False
167,زوجة، جدة، بنت ابن، عم,جدة,1/6,4,24,,False
167,زوجة، جدة، بنت ابن، عم,بنت ابن,1/2,12,24,,False
167,زوجة، جدة، بنت ابن، عم,عم,عصبة,5,24,,False
168,زوجة، جدة، بنت ابن، ابن ابن,زوجة,1/8,9,72,,False
168,زوجة، جدة، بنت ابن، ابن ابن,جدة,1/6,12,72,,False
168,زوجة، جدة، بنت ابن، ابن ابن,بنت ابن,عصبة,17,72,,False
168,زوجة، جدة، بنت ابن، ابن ابن,ابن ابن,عصبة,34,72,,False
169,زوج، أم، بنت ابن، أب,زوج,1/4,3,13,عالت المسألة,False
169,زوج، أم، بنت ابن، أب,أم,1/6,2,13,عالت المسألة,False
169,زوج، أم، بنت ابن، أب,بنت ابن,1/2,6,13,عالت المسألة,False
169,زوج، أم، بنت ابن، أب,أب,1/6,2,13,عالت المسألة,False
170,زوج، أم، أب، بنت ابن، ابن ابن,زوج,1/4,9,36,,False
170,زوج، أم، أب، بنت ابن، ابن ابن,أم,1/6,6,36,,False
170,زوج، أم، أب، بنت ابن، ابن ابن,أب,1/6,6,36,,False
170,زوج، أم، أب، بنت ابن، ابن ابن,بنت ابن,عصبة,5,36,,False
170,زوج، أم، أب، بنت ابن، ابن ابن,ابن ابن,عصبة,10,36,,False
171,زوجة، أم، بنت ابن، أب,زوجة,1/8,3,24,,False
171,زوجة، أم، بنت ابن، أب,أم,1/6,4,24,,False
171,زوجة، أم، بنت ابن، أب,بنت ابن,1/2,12,24,,False
171,زوجة، أم، بنت ابن، أب,أب,1/6,5,24,,False
172,زوجة، أم، أب، بنت ابن، ابن ابن,زوجة,1/8,9,72,,False
172,زوجة، أم، أب، بنت ابن، ابن ابن,أم,1/6,12,72,,False
172,زوجة، أم، أب، بنت ابن، ابن ابن,أب,1/6,12,72,,False
172,زوجة، أم، أب، بنت ابن، ابن ابن,بنت ابن,عصبة,13,72,,False
172,زوجة، أم، أب، بنت ابن، ابن ابن,ابن ابن,عصبة,26,72,,False
173,زوج، أم، بنت ابن، جد,زوج,1/4,3,13,عالت المسألة,False
173,زوج، أم، بنت ابن، جد,أم,1/6,2,13,عالت المسألة,False
173,زوج، أم، بنت ابن، جد,بنت ابن,1/2,6,13,عالت المسألة,False
173,زوج، أم، بنت ابن، جد,جد,1/6,2,13,عالت المسألة,False
174,زوج، أم، جد، بنت ابن، ابن ابن,زوج,1/4,9,36,,False
174,زوج، أم، جد، بنت ابن، ابن ابن,أم,1/6,6,36,,False
174,زوج، أم، جد، بنت ابن، ابن ابن,جد,1/6,6,36,,False
174,زوج، أم، جد، بنت ابن، ابن ابن,بنت ابن,عصبة,5,36,,False
174,زوج، أم، جد، بنت ابن، ابن ابن,ابن ابن,عصبة,10,36,,False
175,زوجة، أم، بنت ابن، جد,زوجة,1/8,3,24,,False
175,زوجة، أم، بنت ابن، جد,أم,1/6,4,24,,False
175,زوجة، أم، بنت ابن، جد,بنت ابن,1/2,12,24,,False
175,زوجة، أم، بنت ابن، جد,جد,1/6,5,24,,False
176,زوجة، أم، جد، بنت ابن، ابن ابن,زوجة,1/8,9,72,,False
176,زوجة، أم، جد، بنت ابن، ابن ابن,أم,1/6,12,72,,False
176,زوجة، أم، جد، بنت ابن، ابن ابن,جد,1/6,12,72,,False
176,زوجة، أم، جد، بنت ابن، ابن ابن,بنت ابن,عصبة,13,72,,False
176,زوجة، أم، جد، بنت ابن، ابن ابن,ابن ابن,عصبة,26,72,,False
177,زوج، جدة، بنت ابن، أب,زوج,1/4,3,13,عالت المسألة,False
177,زوج، جدة، بنت ابن، أب,جدة,1/6,2,13,عالت المسألة,False
177,زوج، جدة، بنت ابن، أب,بنت ابن,1/2,6,13,عالت المسألة,False
177,زوج، جدة، بنت ابن، أب,أب,1/6,2,13,عالت المسألة,False
178,زوج، جدة، أب، بنت ابن، ابن ابن,زوج,1/4,9,36,,False
178,زوج، جدة، أب، بنت ابن، ابن ابن,جدة,1/6,6,36,,False
178,زوج، جدة، أب، بنت ابن، ابن ابن,أب,1/6,6,36,,False
178,زوج، جدة، أب، بنت ابن، ابن ابن,بنت ابن,عصبة,5,36,,False
178,زوج، جدة، أب، بنت ابن، ابن ابن,ابن ابن,عصبة,10,36,,False
179,زوجة، جدة، بنت ابن، أب,زوجة,1/8,3,24,,False
179,زوجة، جدة، بنت ابن، أب,جدة,1/6,4,24,,False
179,زوجة، جدة، بنت ابن، أب,بنت ابن,1/2,12,24,,False
179,زوجة، جدة، بنت ابن، أب,أب,1/6,5,24,,False
180,زوجة، جدة، أب، بنت ابن، ابن ابن,زوجة,1/8,9,72,,False
180,زوجة، جدة، أب، بنت ابن، ابن ابن,جدة,1/6,12,72,,False
180,زوجة، جدة، أب، بنت ابن، ابن ابن,أب,1/6,12,72,,False
180,زوجة، جدة، أب، بنت ابن، ابن ابن,بنت ابن,عصبة,13,72,,False
180,زوجة، جدة، أب، بنت ابن، ابن ابن,ابن ابن,عصبة,26,72,,False
181,زوج، جدة، بنت ابن، جد,زوج,1/4,3,13,عالت المسألة,False
181,زوج، جدة، بنت ابن، جد,جدة,1/6,2,13,عالت المسألة,False
181,زوج، جدة، بنت ابن، جد,بنت ابن,1/2,6,13,عالت المسألة,False
181,زوج، جدة، بنت ابن، جد,جد,1/6,2,13,عالت المسألة,False
182,زوج، جدة، جد، بنت ابن، ابن ابن,زوج,1/4,9,36,,False
182,زوج، جدة، جد، بنت ابن، ابن ابن,جدة,1/6,6,36,,False
182,زوج، جدة، جد، بنت ابن، ابن ابن,جد,1/6,6,36,,False
182,زوج، جدة، جد، بنت ابن، ابن ابن,بنت ابن,عصبة,5,36,,False
182,زوج، جدة، جد، بنت ابن، ابن ابن,ابن ابن,عصبة,10,36,,False
183,زوجة، جدة، بنت ابن، جد,زوجة,1/8,3,24,,False
183,زوجة، جدة، بنت ابن، جد,جدة,1/6,4,24,,False
183,زوجة، جدة، بنت ابن، جد,بنت ابن,1/2,12,24,,False
183,زوجة، جدة، بنت ابن، جد,جد,1/6,5,24,,False
184,زوجة، جدة، جد، بنت ابن، ابن ابن,زوجة,1/8,9,72,,False
184,زوجة، جدة، جد، بنت ابن، ابن ابن,جدة,1/6,12,72,,False
184,زوجة، جدة، جد، بنت ابن، ابن ابن,جد,1/6,12,72,,False
184,زوجة، جدة، جد، بنت ابن، ابن ابن,بنت ابن,عصبة,13,72,,False
184,زوجة، جدة، جد، بنت ابن، ابن ابن,ابن ابن,عصبة,26,72,,False
185,بنات ابن، عم,بنات ابن,2/3,2,3,,False
185,بنات ابن، عم,عم,عصبة,1,3,,False
186,بنات ابن، ابن ابن,بنات ابن,عصبة,1,3,,False
186,بنات ابن، ابن ابن,ابن ابن,عصبة,2,3,,False
187,زوج، بنات ابن، عم,زوج,1/4,3,12,,False
187,زوج، بنات ابن، عم,بنات ابن,2/3,8,12,,False
187,زوج، بنات ابن، عم,عم,عصبة,1,12,,False
188,زوجة، بنات ابن، عم,زوجة,1/8,3,24,,False
188,زوجة، بنات ابن، عم,بنات ابن,2/3,16,24,,False
188,زوجة، بنات ابن، عم,عم,عصبة,5,24,,False
189,زوج، بنات ابن، ابن ابن,زوج,1/4,1,4,,False
189,زوج، بنات ابن، ابن ابن,بنات ابن,عصبة,1,4,,False
189,زوج، بنات ابن، ابن ابن,ابن ابن,عصبة,2,4,,False
190,زوجة، بنات ابن، ابن ابن,زوجة,1/8,3,24,,False
190,زوجة، بنات ابن، ابن ابن,بنات ابن,عصبة,7,24,,False
190,زوجة، بنات ابن، ابن ابن,ابن ابن,عصبة,14,24,,False
191,بنات ابن، أب,بنات ابن,2/3,2,3,,False
191,بنات ابن، أب,أب,1/6,1,3,,False
192,أب، بنات ابن، ابن ابن,أب,1/6,3,18,,False
192,أب، بنات ابن، ابن ابن,بنات ابن,عصبة,5,18,,False
192,أب، بنات ابن، ابن ابن,ابن ابن,عصبة,10,18,,False
193,بنات ابن، أم، عم,بنات ابن,2/3,4,6,,False
193,بنات ابن، أم، عم,أم,1/6,1,6,,False
193,بنات ابن، أم، عم,عم,عصبة,1,6,,False
194,بنات ابن، أم، ابن ابن,بنات ابن,عصبة,5,18,,False
194,بنات ابن، أم، ابن ابن,أم,1/6,3,18,,False
194,بنات ابن، أم، ابن ابن,ابن ابن,عصبة,10,18,,False
195,بنات ابن، جد,بنات ابن,2/3,2,3,,False
195,بنات ابن، جد,جد,1/6,1,3,,False
196,بنات ابن، جد، ابن ابن,بنات ابن,عصبة,5,18,,False
196,بنات ابن، جد، ابن ابن,جد,1/6,3,18,,False
196,بنات ابن، جد، ابن ابن,ابن ابن,عصبة,10,18,,False
197,بنات ابن، جدة، عم,بنات ابن,2/3,4,6,,False
197,بنات ابن، جدة، عم,جدة,1/6,1,6,,False
197,بنات ابن، جدة، عم,عم,عصبة,1,6,,False
198,بنات ابن، جدة، ابن ابن,بنات ابن,عصبة,5,18,,False
198,بنات ابن، جدة، ابن ابن,جدة,1/6,3,18,,False
198,بنات ابن، جدة، ابن ابن,ابن ابن,عصبة,10,18,,False
199,زوج، بنات ابن، أب,زوج,1/4,3,13,عالت المسألة,False
199,زوج، بنات ابن، أب,بنات ابن,2/3,8,13,عالت المسألة,False
199,زوج، بنات ابن، أب,أب,1/6,2,13,عالت المسألة,False
200,زوج، أب، بنات ابن، ابن ابن,زوج,1/4,9,36,,False
200,زوج، أب، بنات ابن، ابن ابن,أب,1/6,6,36,,False
200,زوج، أب، بنات ابن، ابن ابن,بنات ابن,عصبة,7,36,,False
200,زوج، أب، بنات ابن، ابن ابن,ابن ابن,عصبة,14,36,,False
201,زوجة، بنات ابن، أب,زوجة,1/8,3,24,,False
201,زوجة، بنات ابن، أب,بنات ابن,2/3,16,24,,False
201,زوجة، بنات ابن، أب,أب,1/6,5,24,,False
202,زوجة، أب، بنات ابن، ابن ابن,زوجة,1/8,9,72,,False
202,زوجة، أب، بنات ابن، ابن ابن,أب,1/6,12,72,,False
202,زوجة، أب، بنات ابن، ابن ابن,بنات ابن,عصبة,17,72,,False
202,زوجة، أب، بنات ابن، ابن ابن,ابن ابن,عصبة,34,72,,False
203,زوج، أم، بنات ابن، عم,زوج,1/4,3,13,عالت المسألة,False
203,زوج، أم، بنات ابن، عم,أم,1/6,2,13,عالت المسألة,False
203,زوج، أم، بنات ابن، عم,بنات ابن,2/3,8,13,عالت المسألة,False
203,زوج، أم، بنات ابن، عم,عم,عصبة,0,13,عالت المسألة,False
204,زوج، أم، بنات ابن، ابن ابن,زوج,1/4,9,36,,False
204,زوج، أم، بنات ابن، ابن ابن,أم,1/6,6,36,,False
204,زوج، أم، بنات ابن، ابن ابن,بنات ابن,عصبة,7,36,,False
204,زوج، أم، بنات ابن، ابن ابن,ابن ابن,عصبة,14,36,,False
205,زوجة، أم، بنات ابن، عم,زوجة,1/8,3,24,,False
205,زوجة، أم، بنات ابن، عم,أم,1/6,4,24,,False
205,زوجة، أم، بنات ابن، عم,بنات ابن,2/3,16,24,,False
205,زوجة، أم، بنات ابن، عم,عم,عصبة,1,24,,False
206,زوجة، أم، بنات ابن، ابن ابن,زوجة,1/8,9,72,,False
206,زوجة، أم، بنات ابن، ابن ابن,أم,1/6,12,72,,False
206,زوجة، أم، بنات ابن، ابن ابن,بنات ابن,عصبة,17,72,,False
206,زوجة، أم، بنات ابن، ابن ابن,ابن ابن,عصبة,34,72,,False
207,زوج، بنات ابن، جد,زوج,1/4,3,13,عالت المسألة,False
207,زوج، بنات ابن، جد,بنات ابن,2/3,8,13,عالت المسألة,False
207,زوج، بنات ابن، جد,جد,1/6,2,13,عالت المسألة,False
208,زوج، جد، بنات ابن، ابن ابن,زوج,1/4,9,36,,False
208,زوج، جد، بنات ابن، ابن ابن,جد,1/6,6,36,,False
208,زوج، جد، بنات ابن، ابن ابن,بنات ابن,عصبة,7,36,,False
208,زوج، جد، بنات ابن، ابن ابن,ابن ابن,عصبة,14,36,,False
209,زوجة، بنات ابن، جد,زوجة,1/8,3,24,,False
209,زوجة، بنات ابن، جد,بنات ابن,2/3,16,24,,False
209,زوجة، بنات ابن، جد,جد,1/6,5,24,,False
210,زوجة، جد، بنات ابن، ابن ابن,زوجة,1/8,9,72,,False
210,زوجة، جد، بنات ابن، ابن ابن,جد,1/6,12,72,,False
210,زوجة، جد، بنات ابن، ابن ابن,بنات ابن,عصبة,17,72,,False
210,زوجة، جد، بنات ابن، ابن ابن,ابن ابن,عصبة,34,72,,False
211,زوج، جدة، بنات ابن، عم,زوج,1/4,3,13,عالت المسألة,False
211,زوج، جدة، بنات ابن، عم,جدة,1/6,2,13,عالت المسألة,False
211,زوج، جدة، بنات ابن، عم,بنات ابن,2/3,8,13,عالت المسألة,False
211,زوج، جدة، بنات ابن، عم,عم,عصبة,0,13,عالت المسألة,False
212,زوج، جدة، بنات ابن، ابن ابن,زوج,1/4,9,36,,False
212,زوج، جدة، بنات ابن، ابن ابن,جدة,1/6,6,36,,False
212,زوج، جدة، بنات ابن، ابن ابن,بنات ابن,عصبة,7,36,,False
212,زوج، جدة، بنات ابن، ابن ابن,ابن ابن,عصبة,14,36,,False
213,زوجة، جدة، بنات ابن، عم,زوجة,1/8,3,24,,False
213,زوجة، جدة، بنات ابن، عم,جدة,1/6,4,24,,False
213,زوجة، جدة، بنات ابن، عم,بنات ابن,2/3,16,24,,False
213,زوجة، جدة، بنات ابن، عم,عم,عصبة,1,24,,False
214,زوجة، جدة، بنات ابن، ابن ابن,زوجة,1/8,9,72,,False
214,زوجة، جدة، بنات ابن، ابن ابن,جدة,1/6,12,72,,False
214,زوجة، جدة، بنات ابن، ابن ابن,بنات ابن,عصبة,17,72,,False
214,زوجة، جدة، بنات ابن، ابن ابن,ابن ابن,عصبة,34,72,,False
215,زوج، أم، بنات ابن، أب,زوج,1/4,3,15,عالت المسألة,False
215,زوج، أم، بنات ابن، أب,أم,1/6,2,15,عالت المسألة,False
215,زوج، أم، بنات ابن، أب,بنات ابن,2/3,8,15,عالت المسألة,False
215,زوج، أم، بنات ابن، أب,أب,1/6,2,15,عالت المسألة,False
216,زوج، أم، أب، بنات ابن، ابن ابن,زوج,1/4,9,36,,False
216,زوج، أم، أب، بنات ابن، ابن ابن,أم,1/6,6,36,,False
216,زوج، أم، أب، بنات ابن، ابن ابن,أب,1/6,6,36,,False
216,زوج، أم، أب، بنات ابن، ابن ابن,بنات ابن,عصبة,5,36,,False
216,زوج، أم، أب، بنات ابن، ابن ابن,ابن ابن,عصبة,10,36,,False
217,زوجة، أم، بنات ابن، أب,زوجة,1/8,3,27,عالت المسألة,False
217,زوجة، أم، بنات ابن، أب,أم,1/6,4,27,عالت المسألة,False
217,زوجة، أم، بنات ابن، أب,بنات ابن,2/3,16,27,عالت المسألة,False
217,زوجة، أم، بنات ابن، أب,أب,1/6,4,27,عالت المسألة,False
218,زوجة، أم، أب، بنات ابن، ابن ابن,زوجة,1/8,9,72,,False
218,زوجة، أم، أب، بنات ابن، ابن ابن,أم,1/6,12,72,,False
218,زوجة، أم، أب، بنات ابن، ابن ابن,أب,1/6,12,72,,False
218,زوجة، أم، أب، بنات ابن، ابن ابن,بنات ابن,عصبة,13,72,,False
218,زوجة، أم، أب، بنات ابن، ابن ابن,ابن ابن,عصبة,26,72,,False
219,زوج، أم، بنات ابن، جد,زوج,1/4,3,15,عالت المسألة,False
219,زوج، أم، بنات ابن، جد,أم,1/6,2,15,عالت المسألة,False
219,زوج، أم، بنات ابن، جد,بنات ابن,2/3,8,15,عالت المسألة,False
219,زوج، أم، بنات ابن، جد,جد,1/6,2,15,عالت المسألة,False
220,زوج، أم، جد، بنات ابن، ابن ابن,زوج,1/4,9,36,,False
220,زوج، أم، جد، بنات ابن، ابن ابن,أم,1/6,6,36,,False
220,زوج، أم، جد، بنات ابن، ابن ابن,جد,1/6,6,36,,False
220,زوج، أم، جد، بنات ابن، ابن ابن,بنات ابن,عصبة,5,36,,False
220,زوج، أم، جد، بنات ابن، ابن ابن,ابن ابن,عصبة,10,36,,False
221,زوجة، أم، بنات ابن، جد,زوجة,1/8,3,27,عالت المسألة,False
221,زوجة، أم، بنات ابن، جد,أم,1/6,4,27,عالت المسألة,False
221,زوجة، أم، بنات ابن، جد,بنات ابن,2/3,16,27,عالت المسألة,False
221,زوجة، أم، بنات ابن، جد,جد,1/6,4,27,عالت المسألة,False
222,زوجة، أم، جد، بنات ابن، ابن ابن,زوجة,1/8,9,72,,False
222,زوجة، أم، جد، بنات ابن، ابن ابن,أم,1/6,12,72,,False
222,زوجة، أم، جد، بنات ابن، ابن ابن,جد,1/6,12,72,,False
222,زوجة، أم، جد، بنات ابن، ابن ابن,بنات ابن,عصبة,13,72,,False
222,زوجة، أم، جد، بنات ابن، ابن ابن,ابن ابن,عصبة,26,72,,False
223,زوج، جدة، بنات ابن، أب,زوج,1/4,3,15,عالت المسألة,False
223,زوج، جدة، بنات ابن، أب,جدة,1/6,2,15,عالت المسألة,False
223,زوج، جدة، بنات ابن، أب,بنات ابن,2/3,8,15,عالت المسألة,False
223,زوج، جدة، بنات ابن، أب,أب,1/6,2,15,عالت المسألة,False
224,زوج، جدة، أب، بنات ابن، ابن ابن,زوج,1/4,9,36,,False
224,زوج، جدة، أب، بنات ابن، ابن ابن,جدة,1/6,6,36,,False
224,زوج، جدة، أب، بنات ابن، ابن ابن,أب,1/6,6,36,,False
224,زوج، جدة، أب، بنات ابن، ابن ابن,بنات ابن,عصبة,5,36,,False
224,زوج، جدة، أب، بنات ابن، ابن ابن,ابن ابن,عصبة,10,36,,False
225,زوجة، جدة، بنات ابن، أب,زوجة,1/8,3,27,عالت المسألة,False
225,زوجة، جدة، بنات ابن، أب,جدة,1/6,4,27,عالت المسألة,False
225,زوجة، جدة، بنات ابن، أب,بنات ابن,2/3,16,27,عالت المسألة,False
225,زوجة، جدة، بنات ابن، أب,أب,1/6,4,27,عالت المسألة,False
226,زوجة، جدة، أب، بنات ابن، ابن ابن,زوجة,1/8,9,72,,False
226,زوجة، جدة، أب، بنات ابن، ابن ابن,جدة,1/6,12,72,,False
226,زوجة، جدة، أب، بنات ابن، ابن ابن,أب,1/6,12,72,,False
226,زوجة، جدة، أب، بنات ابن، ابن ابن,بنات ابن,عصبة,13,72,,False
226,زوجة، جدة، أب، بنات ابن، ابن ابن,ابن ابن,عصبة,26,72,,False
227,زوج، جدة، بنات ابن، جد,زوج,1/4,3,15,عالت المسألة,False
227,زوج، جدة، بنات ابن، جد,جدة,1/6,2,15,عالت المسألة,False
227,زوج، جدة، بنات ابن، جد,بنات ابن,2/3,8,15,عالت المسألة,False
227,زوج، جدة، بنات ابن، جد,جد,1/6,2,15,عالت المسألة,False
228,زوج، جدة، جد، بنات ابن، ابن ابن,زوج,1/4,9,36,,False
228,زوج، جدة، جد، بنات ابن، ابن ابن,جدة,1/6,6,36,,False
228,زوج، جدة، جد، بنات ابن، ابن ابن,جد,1/6,6,36,,False
228,زوج، جدة، جد، بنات ابن، ابن ابن,بنات ابن,عصبة,5,36,,False
228,زوج، جدة، جد، بنات ابن، ابن ابن,ابن ابن,عصبة,10,36,,False
229,زوجة، جدة، بنات ابن، جد,زوجة,1/8,3,27,عالت المسألة,False
229,زوجة، جدة، بنات ابن، جد,جدة,1/6,4,27,عالت المسألة,False
229,زوجة، جدة، بنات ابن، جد,بنات ابن,2/3,16,27,عالت المسألة,False
229,زوجة، جدة، بنات ابن، جد,جد,1/6,4,27,عالت المسألة,False
230,زوجة، جدة، جد، بنات ابن، ابن ابن,زوجة,1/8,9,72,,False
230,زوجة، جدة، جد، بنات ابن، ابن ابن,جدة,1/6,12,72,,False
230,زوجة، جدة، جد، بنات ابن، ابن ابن,جد,1/6,12,72,,False
230,زوجة، جدة، جد، بنات ابن، ابن ابن,بنات ابن,عصبة,13,72,,False
230,زوجة، جدة، جد، بنات ابن، ابن ابن,ابن ابن,عصبة,26,72,,False
231,بنت، بنت ابن، عم,بنت,1/2,3,6,,False
231,بنت، بنت ابن، عم,بنت ابن,1/6,1,6,,False
231,بنت، بنت ابن، عم,عم,عصبة,2,6,,False
232,بنت، بنت ابن، ابن ابن,بنت,1/2,3,6,,False
232,بنت، بنت ابن، ابن ابن,بنت ابن,1/6,1,6,,False
232,بنت، بنت ابن، ابن ابن,ابن ابن,عصبة,2,6,,False
233,زوج، بنت، بنت ابن، عم,زوج,1/4,3,12,,False
233,زوج، بنت، بنت ابن، عم,بنت,1/2,6,12,,False
233,زوج، بنت، بنت ابن، عم,بنت ابن,1/6,2,12,,False
233,زوج، بنت، بنت ابن، عم,عم,عصبة,1,12,,False
234,زوجة، بنت، بنت ابن، عم,زوجة,1/8,3,24,,False
234,زوجة، بنت، بنت ابن، عم,بنت,1/2,12,24,,False
234,زوجة، بنت، بنت ابن، عم,بنت ابن,1/6,4,24,,False
234,زوجة، بنت، بنت ابن، عم,عم,عصبة,5,24,,False
235,زوج، بنت، بنت ابن، ابن ابن,زوج,1/4,3,12,,False
235,زوج، بنت، بنت ابن، ابن ابن,بنت,1/2,6,12,,False
235,زوج، بنت، بنت ابن، ابن ابن,بنت ابن,1/6,1,12,,False
235,زوج، بنت، بنت ابن، ابن ابن,ابن ابن,عصبة,2,12,,False
236,زوجة، بنت، بنت ابن، ابن ابن,زوجة,1/8,1,8,,False
236,زوجة، بنت، بنت ابن، ابن ابن,بنت,1/2,4,8,,False
236,زوجة، بنت، بنت ابن، ابن ابن,بنت ابن,1/6,1,8,,False
236,زوجة، بنت، بنت ابن، ابن ابن,ابن ابن,عصبة,2,8,,False
237,بنت، بنت ابن، أب,بنت,1/2,3,6,,False
237,بنت، بنت ابن، أب,بنت ابن,1/6,1,6,,False
237,بنت، بنت ابن، أب,أب,1/6,2,6,,False
238,أب، بنت، بنت ابن، ابن ابن,أب,1/6,3,18,,False
238,أب، بنت، بنت ابن، ابن ابن,بنت,1/2,9,18,,False
238,أب، بنت، بنت ابن، ابن ابن,بنت ابن,1/6,2,18,,False
238,أب، بنت، بنت ابن، ابن ابن,ابن ابن,عصبة,4,18,,False
239,بنت، بنت ابن، أم، عم,بنت,1/2,3,6,,False
239,بنت، بنت ابن، أم، عم,بنت ابن,1/6,1,6,,False
239,بنت، بنت ابن، أم، عم,أم,1/6,1,6,,False
239,بنت، بنت ابن، أم، عم,عم,عصبة,1,6,,False
240,بنت، بنت ابن، أم، ابن ابن,بنت,1/2,9,18,,False
240,بنت، بنت ابن، أم، ابن ابن,بنت ابن,1/6,2,18,,False
240,بنت، بنت ابن، أم، ابن ابن,أم,1/6,3,18,,False
240,بنت، بنت ابن، أم، ابن ابن,ابن ابن,عصبة,4,18,,False
241,بنت، بنت ابن، جد,بنت,1/2,3,6,,False
241,بنت، بنت ابن، جد,بنت ابن,1/6,1,6,,False
241,بنت، بنت ابن، جد,جد,1/6,2,6,,False
242,بنت، بنت ابن، جد، ابن ابن,بنت,1/2,9,18,,False
242,بنت، بنت ابن، جد، ابن ابن,بنت ابن,1/6,2,18,,False
242,بنت، بنت ابن، جد، ابن ابن,جد,1/6,3,18,,False
242,بنت، بنت ابن، جد، ابن ابن,ابن ابن,عصبة,4,18,,False
243,بنت، بنت ابن، جدة، عم,بنت,1/2,3,6,,False
243,بنت، بنت ابن، جدة، عم,بنت ابن,1/6,1,6,,False
243,بنت، بنت ابن، جدة، عم,جدة,1/6,1,6,,False
243,بنت، بنت ابن، جدة، عم,عم,عصبة,1,6,,False
244,بنت، بنت ابن، جدة، ابن ابن,بنت,1/2,9,18,,False
244,بنت، بنت ابن، جدة، ابن ابن,بنت ابن,1/6,2,18,,False
244,بنت، بنت ابن، جدة، ابن ابن,جدة,1/6,3,18,,False
244,بنت، بنت ابن، جدة، ابن ابن,ابن ابن,عصبة,4,18,,False
245,زوج، بنت، بنت ابن، أب,زوج,1/4,3,13,عالت المسألة,False
245,زوج، بنت، بنت ابن، أب,بنت,1/2,6,13,عالت المسألة,False
245,زوج، بنت، بنت ابن، أب,بنت ابن,1/6,2,13,عالت المسألة,False
245,زوج، بنت، بنت ابن، أب,أب,1/6,2,13,عالت المسألة,False
246,زوج، أب، بنت، بنت ابن، ابن ابن,زوج,1/4,3,13,عالت المسألة,False
246,زوج، أب، بنت، بنت ابن، ابن ابن,أب,1/6,2,13,عالت المسألة,False
246,زوج، أب، بنت، بنت ابن، ابن ابن,بنت,1/2,6,13,عالت المسألة,False
246,زوج، أب، بنت، بنت ابن، ابن ابن,بنت ابن,1/6,2,13,عالت المسألة,False
246,زوج، أب، بنت، بنت ابن، ابن ابن,ابن ابن,عصبة,0,13,عالت المسألة,False
247,زوجة، بنت، بنت ابن، أب,زوجة,1/8,3,24,,False
247,زوجة، بنت، بنت ابن، أب,بنت,1/2,12,24,,False
247,زوجة، بنت، بنت ابن، أب,بنت ابن,1/6,4,24,,False
247,زوجة، بنت، بنت ابن، أب,أب,1/6,5,24,,False
248,زوجة، أب، بنت، بنت ابن، ابن ابن,زوجة,1/8,9,72,,False
248,زوجة، أب، بنت، بنت ابن، ابن ابن,أب,1/6,12,72,,False
248,زوجة، أب، بنت، بنت ابن، ابن ابن,بنت,1/2,36,72,,False
248,زوجة، أب، بنت، بنت ابن، ابن ابن,بنت ابن,1/6,5,72,,False
248,زوجة، أب، بنت، بنت ابن، ابن ابن,ابن ابن,عصبة,10,72,,False
249,زوج، أم، بنت، بنت ابن، عم,زوج,1/4,3,13,عالت المسألة,False
249,زوج، أم، بنت، بنت ابن، عم,أم,1/6,2,13,عالت المسألة,False
249,زوج، أم، بنت، بنت ابن، عم,بنت,1/2,6,13,عالت المسألة,False
249,زوج، أم، بنت، بنت ابن، عم,بنت ابن,1/6,2,13,عالت المسألة,False
249,زوج، أم، بنت، بنت ابن، عم,عم,عصبة,0,13,عالت المسألة,False
250,زوج، أم، بنت، بنت ابن، ابن ابن,زوج,1/4,3,13,عالت المسألة,False
250,زوج، أم، بنت، بنت ابن، ابن ابن,أم,1/6,2,13,عالت المسألة,False
250,زوج، أم، بنت، بنت ابن، ابن ابن,بنت,1/2,6,13,عالت المسألة,False
250,زوج، أم، بنت، بنت ابن، ابن ابن,بنت ابن,1/6,2,13,عالت المسألة,False
250,زوج، أم، بنت، بنت ابن، ابن ابن,ابن ابن,عصبة,0,13,عالت المسألة,False
251,زوجة، أم، بنت، بنت ابن، عم,زوجة,1/8,3,24,,False
251,زوجة، أم، بنت، بنت ابن، عم,أم,1/6,4,24,,False
251,زوجة، أم، بنت، بنت ابن، عم,بنت,1/2,12,24,,False
251,زوجة، أم، بنت، بنت ابن، عم,بنت ابن,1/6,4,24,,False
251,زوجة، أم، بنت، بنت ابن، عم,عم,عصبة,1,24,,False
252,زوجة، أم، بنت، بنت ابن، ابن ابن,زوجة,1/8,9,72,,False
252,زوجة، أم، بنت، بنت ابن، ابن ابن,أم,1/6,12,72,,False
252,زوجة، أم، بنت، بنت ابن، ابن ابن,بنت,1/2,36,72,,False
252,زوجة، أم، بنت، بنت ابن، ابن ابن,بنت ابن,1/6,5,72,,False
252,زوجة، أم، بنت، بنت ابن، ابن ابن,ابن ابن,عصبة,10,72,,False
253,زوج، بنت، بنت ابن، جد,زوج,1/4,3,13,عالت المسألة,False
253,زوج، بنت، بنت ابن، جد,بنت,1/2,6,13,عالت المسألة,False
253,زوج، بنت، بنت ابن، جد,بنت ابن,1/6,2,13,عالت المسألة,False
253,زوج، بنت، بنت ابن، جد,جد,1/6,2,13,عالت المسألة,False
254,زوج، جد، بنت، بنت ابن، ابن ابن,زوج,1/4,3,13,عالت المسألة,False
254,زوج، جد، بنت، بنت ابن، ابن ابن,جد,1/6,2,13,عالت المسألة,False
254,زوج، جد، بنت، بنت ابن، ابن ابن,بنت,1/2,6,13,عالت المسألة,False
254,زوج، جد، بنت، بنت ابن، ابن ابن,بنت ابن,1/6,2,13,عالت المسألة,False
254,زوج، جد، بنت، بنت ابن، ابن ابن,ابن ابن,عصبة,0,13,عالت المسألة,False
255,زوجة، بنت، بنت ابن، جد,زوجة,1/8,3,24,,False
255,زوجة، بنت، بنت ابن، جد,بنت,1/2,12,24,,False
255,زوجة، بنت، بنت ابن، جد,بنت ابن,1/6,4,24,,False
255,زوجة، بنت، بنت ابن، جد,جد,1/6,5,24,,False
256,زوجة، جد، بنت، بنت ابن، ابن ابن,زوجة,1/8,9,72,,False
256,زوجة، جد، بنت، بنت ابن، ابن ابن,جد,1/6,12,72,,False
256,زوجة، جد، بنت، بنت ابن، ابن ابن,بنت,1/2,36,72,,False
256,زوجة، جد، بنت، بنت ابن، ابن ابن,بنت ابن,1/6,5,72,,False
256,زوجة، جد، بنت، بنت ابن، ابن ابن,ابن ابن,عصبة,10,72,,False
257,زوج، جدة، بنت، بنت ابن، عم,زوج,1/4,3,13,عالت المسألة,False
257,زوج، جدة، بنت، بنت ابن، عم,جدة,1/6,2,13,عالت المسألة,False
257,زوج، جدة، بنت، بنت ابن، عم,بنت,1/2,6,13,عالت المسألة,False
257,زوج، جدة، بنت، بنت ابن، عم,بنت ابن,1/6,2,13,عالت المسألة,False
257,زوج، جدة، بنت، بنت ابن، عم,عم,عصبة,0,13,عالت المسألة,False
258,زوج، جدة، بنت، بنت ابن، ابن ابن,زوج,1/4,3,13,عالت المسألة,False
258,زوج، جدة، بنت، بنت ابن، ابن ابن,جدة,1/6,2,13,عالت المسألة,False
258,زوج، جدة، بنت، بنت ابن، ابن ابن,بنت,1/2,6,13,عالت المسألة,False
258,زوج، جدة، بنت، بنت ابن، ابن ابن,بنت ابن,1/6,2,13,عالت المسألة,False
258,زوج، جدة، بنت، بنت ابن، ابن ابن,ابن ابن,عصبة,0,13,عالت المسألة,False
259,زوجة، جدة، بنت، بنت ابن، عم,زوجة,1/8,3,24,,False
259,زوجة، جدة، بنت، بنت ابن، عم,جدة,1/6,4,24,,False
259,زوجة، جدة، بنت، بنت ابن، عم,بنت,1/2,12,24,,False
259,زوجة، جدة، بنت، بنت ابن، عم,بنت ابن,1/6,4,24,,False
259,زوجة، جدة، بنت، بنت ابن، عم,عم,عصبة,1,24,,False
260,زوجة، جدة، بنت، بنت ابن، ابن ابن,زوجة,1/8,9,72,,False
260,زوجة، جدة، بنت، بنت ابن، ابن ابن,جدة,1/6,12,72,,False
260,زوجة، جدة، بنت، بنت ابن، ابن ابن,بنت,1/2,36,72,,False
260,زوجة، جدة، بنت، بنت ابن، ابن ابن,بنت ابن,1/6,5,72,,False
260,زوجة، جدة، بنت، بنت ابن، ابن ابن,ابن ابن,عصبة,10,72,,False
261,زوج، أم، بنت، بنت ابن، أب,زوج,1/4,3,15,عالت المسألة,False
261,زوج، أم، بنت، بنت ابن، أب,أم,1/6,2,15,عالت المسألة,False
261,زوج، أم، بنت، بنت ابن، أب,بنت,1/2,6,15,عالت المسألة,False
261,زوج، أم، بنت، بنت ابن، أب,بنت ابن,1/6,2,15,عالت المسألة,False
261,زوج، أم، بنت، بنت ابن، أب,أب,1/6,2,15,عالت المسألة,False
262,زوج، أم، أب، بنت، بنت ابن، ابن ابن,زوج,1/4,3,15,عالت المسألة,False
262,زوج، أم، أب، بنت، بنت ابن، ابن ابن,أم,1/6,2,15,عالت المسألة,False
262,زوج، أم، أب، بنت، بنت ابن، ابن ابن,أب,1/6,2,15,عالت المسألة,False
262,زوج، أم، أب، بنت، بنت ابن، ابن ابن,بنت,1/2,6,15,عالت المسألة,False
262,زوج، أم، أب، بنت، بنت ابن، ابن ابن,بنت ابن,1/6,2,15,عالت المسألة,False
262,زوج، أم، أب، بنت، بنت ابن، ابن ابن,ابن ابن,عصبة,0,15,عالت المسألة,False
263,زوجة، أم، بنت، بنت ابن، أب,زوجة,1/8,3,27,عالت المسألة,False
263,زوجة، أم، بنت، بنت ابن، أب,أم,1/6,4,27,عالت المسألة,False
263,زوجة، أم، بنت، بنت ابن، أب,بنت,1/2,12,27,عالت المسألة,False
263,زوجة، أم، بنت، بنت ابن، أب,بنت ابن,1/6,4,27,عالت المسألة,False
263,زوجة، أم، بنت، بنت ابن، أب,أب,1/6,4,27,عالت المسألة,False
264,زوجة، أم، أب، بنت، بنت ابن، ابن ابن,زوجة,1/8,3,27,عالت المسألة,False
264,زوجة، أم، أب، بنت، بنت ابن، ابن ابن,أم,1/6,4,27,عالت المسألة,False
264,زوجة، أم، أب، بنت، بنت ابن، ابن ابن,أب,1/6,4,27,عالت المسألة,False
264,زوجة، أم، أب، بنت، بنت ابن، ابن ابن,بنت,1/2,12,27,عالت المسألة,False
264,زوجة، أم، أب، بنت، بنت ابن، ابن ابن,بنت ابن,1/6,4,27,عالت المسألة,False
264,زوجة، أم، أب، بنت، بنت ابن، ابن ابن,ابن ابن,عصبة,0,27,عالت المسألة,False
265,زوج، أم، بنت، بنت ابن، جد,زوج,1/4,3,15,عالت المسألة,False
265,زوج، أم، بنت، بنت ابن، جد,أم,1/6,2,15,عالت المسألة,False
265,زوج، أم، بنت، بنت ابن، جد,بنت,1/2,6,15,عالت المسألة,False
265,زوج، أم، بنت، بنت ابن، جد,بنت ابن,1/6,2,15,عالت المسألة,False
265,زوج، أم، بنت، بنت ابن، جد,جد,1/6,2,15,عالت المسألة,False
266,زوج، أم، جد، بنت، بنت ابن، ابن ابن,زوج,1/4,3,15,عالت المسألة,False
266,زوج، أم، جد، بنت، بنت ابن، ابن ابن,أم,1/6,2,15,عالت المسألة,False
266,زوج، أم، جد، بنت، بنت ابن، ابن ابن,جد,1/6,2,15,عالت المسألة,False
266,زوج، أم، جد، بنت، بنت ابن، ابن ابن,بنت,1/2,6,15,عالت المسألة,False
266,زوج، أم، جد، بنت، بنت ابن، ابن ابن,بنت ابن,1/6,2,15,عالت المسألة,False
266,زوج، أم، جد، بنت، بنت ابن، ابن ابن,ابن ابن,عصبة,0,15,عالت المسألة,False
267,زوجة، أم، بنت، بنت ابن، جد,زوجة,1/8,3,27,عالت المسألة,False
267,زوجة، أم، بنت، بنت ابن، جد,أم,1/6,4,27,عالت المسألة,False
267,زوجة، أم، بنت، بنت ابن، جد,بنت,1/2,12,27,عالت المسألة,False
267,زوجة، أم، بنت، بنت ابن، جد,بنت ابن,1/6,4,27,عالت المسألة,False
267,زوجة، أم، بنت، بنت ابن، جد,جد,1/6,4,27,عالت المسألة,False
268,زوجة، أم، جد، بنت، بنت ابن، ابن ابن,زوجة,1/8,3,27,عالت المسألة,False
268,زوجة، أم، جد، بنت، بنت ابن، ابن ابن,أم,1/6,4,27,عالت المسألة,False
268,زوجة، أم، جد، بنت، بنت ابن، ابن ابن,جد,1/6,4,27,عالت المسألة,False
268,زوجة، أم، جد، بنت، بنت ابن، ابن ابن,بنت,1/2,12,27,عالت المسألة,False
268,زوجة، أم، جد، بنت، بنت ابن، ابن ابن,بنت ابن,1/6,4,27,عالت المسألة,False
268,زوجة، أم، جد، بنت، بنت ابن، ابن ابن,ابن ابن,عصبة,0,27,عالت المسألة,False
269,زوج، جدة، بنت، بنت ابن، أب,زوج,1/4,3,15,عالت المسألة,False
269,زوج، جدة، بنت، بنت ابن، أب,جدة,1/6,2,15,عالت المسألة,False
269,زوج، جدة، بنت، بنت ابن، أب,بنت,1/2,6,15,عالت المسألة,False
269,زوج، جدة، بنت، بنت ابن، أب,بنت ابن,1/6,2,15,عالت المسألة,False
269,زوج، جدة، بنت، بنت ابن، أب,أب,1/6,2,15,عالت المسألة,False
270,زوج، جدة، أب، بنت، بنت ابن، ابن ابن,زوج,1/4,3,15,عالت المسألة,False
270,زوج، جدة، أب، بنت، بنت ابن، ابن ابن,جدة,1/6,2,15,عالت المسألة,False
270,زوج، جدة، أب، بنت، بنت ابن، ابن ابن,أب,1/6,2,15,عالت المسألة,False
270,زوج، جدة، أب، بنت، بنت ابن، ابن ابن,بنت,1/2,6,15,عالت المسألة,False
270,زوج، جدة، أب، بنت، بنت ابن، ابن ابن,بنت ابن,1/6,2,15,عالت المسألة,False
270,زوج، جدة، أب، بنت، بنت ابن، ابن ابن,ابن ابن,عصبة,0,15,عالت المسألة,False
271,زوجة، جدة، بنت، بنت ابن، أب,زوجة,1/8,3,27,عالت المسألة,False
271,زوجة، جدة، بنت، بنت ابن، أب,جدة,1/6,4,27,عالت المسألة,False
271,زوجة، جدة، بنت، بنت ابن، أب,بنت,1/2,12,27,عالت المسألة,False
271,زوجة، جدة، بنت، بنت ابن، أب,بنت ابن,1/6,4,27,عالت المسألة,False
271,زوجة، جدة، بنت، بنت ابن، أب,أب,1/6,4,27,عالت المسألة,False
272,زوجة، جدة، أب، بنت، بنت ابن، ابن ابن,زوجة,1/8,3,27,عالت المسألة,False
272,زوجة، جدة، أب، بنت، بنت ابن، ابن ابن,جدة,1/6,4,27,عالت المسألة,False
272,زوجة، جدة، أب، بنت، بنت ابن، ابن ابن,أب,1/6,4,27,عالت المسألة,False
272,زوجة، جدة، أب، بنت، بنت ابن، ابن ابن,بنت,1/2,12,27,عالت المسألة,False
272,زوجة، جدة، أب، بنت، بنت ابن، ابن ابن,بنت ابن,1/6,4,27,عالت المسألة,False
272,زوجة، جدة، أب، بنت، بنت ابن، ابن ابن,ابن ابن,عصبة,0,27,عالت المسألة,False
273,زوج، جدة، بنت، بنت ابن، جد,زوج,1/4,3,15,عالت المسألة,False
273,زوج، جدة، بنت، بنت ابن، جد,جدة,1/6,2,15,عالت المسألة,False
273,زوج، جدة، بنت، بنت ابن، جد,بنت,1/2,6,15,عالت المسألة,False
273,زوج، جدة، بنت، بنت ابن، جد,بنت ابن,1/6,2,15,عالت المسألة,False
273,زوج، جدة، بنت، بنت ابن، جد,جد,1/6,2,15,عالت المسألة,False
274,زوج، جدة، جد، بنت، بنت ابن، ابن ابن,زوج,1/4,3,15,عالت المسألة,False
274,زوج، جدة، جد، بنت، بنت ابن، ابن ابن,جدة,1/6,2,15,عالت المسألة,False
274,زوج، جدة، جد، بنت، بنت ابن، ابن ابن,جد,1/6,2,15,عالت المسألة,False
274,زوج، جدة، جد، بنت، بنت ابن، ابن ابن,بنت,1/2,6,15,عالت المسألة,False
274,زوج، جدة، جد، بنت، بنت ابن، ابن ابن,بنت ابن,1/6,2,15,عالت المسألة,False
274,زوج، جدة، جد، بنت، بنت ابن، ابن ابن,ابن ابن,عصبة,0,15,عالت المسألة,False
275,زوجة، جدة، بنت، بنت ابن، جد,زوجة,1/8,3,27,عالت المسألة,False
275,زوجة، جدة، بنت، بنت ابن، جد,جدة,1/6,4,27,عالت المسألة,False
275,زوجة، جدة، بنت، بنت ابن، جد,بنت,1/2,12,27,عالت المسألة,False
275,زوجة، جدة، بنت، بنت ابن، جد,بنت ابن,1/6,4,27,عالت المسألة,False
275,زوجة، جدة، بنت، بنت ابن، جد,جد,1/6,4,27,عالت المسألة,False
276,زوجة، جدة، جد، بنت، بنت ابن، ابن ابن,زوجة,1/8,3,27,عالت المسألة,False
276,زوجة، جدة، جد، بنت، بنت ابن، ابن ابن,جدة,1/6,4,27,عالت المسألة,False
276,زوجة، جدة، جد، بنت، بنت ابن، ابن ابن,جد,1/6,4,27,عالت المسألة,False
276,زوجة، جدة، جد، بنت، بنت ابن، ابن ابن,بنت,1/2,12,27,عالت المسألة,False
276,زوجة، جدة، جد، بنت، بنت ابن، ابن ابن,بنت ابن,1/6,4,27,عالت المسألة,False
276,زوجة، جدة، جد، بنت، بنت ابن، ابن ابن,ابن ابن,عصبة,0,27,عالت المسألة,False
277,بنت، بنات ابن، عم,بنت,1/2,3,6,,False
277,بنت، بنات ابن، عم,بنات ابن,1/6,1,6,,False
277,بنت، بنات ابن، عم,عم,عصبة,2,6,,False
278,بنت، بنات ابن، ابن ابن,بنت,1/2,3,6,,False
278,بنت، بنات ابن، ابن ابن,بنات ابن,1/6,1,6,,False
278,بنت، بنات ابن، ابن ابن,ابن ابن,عصبة,2,6,,False
279,زوج، بنت، بنات ابن، عم,زوج,1/4,3,12,,False
279,زوج، بنت، بنات ابن، عم,بنت,1/2,6,12,,False
279,زوج، بنت، بنات ابن، عم,بنات ابن,1/6,2,12,,False
279,زوج، بنت، بنات ابن، عم,عم,عصبة,1,12,,False
280,زوجة، بنت، بنات ابن، عم,زوجة,1/8,3,24,,False
280,زوجة، بنت، بنات ابن، عم,بنت,1/2,12,24,,False
280,زوجة، بنت، بنات ابن، عم,بنات ابن,1/6,4,24,,False
280,زوجة، بنت، بنات ابن، عم,عم,عصبة,5,24,,False
281,زوج، بنت، بنات ابن، ابن ابن,زوج,1/4,3,12,,False
281,زوج، بنت، بنات ابن، ابن ابن,بنت,1/2,6,12,,False
281,زوج، بنت، بنات ابن، ابن ابن,بنات ابن,1/6,1,12,,False
281,زوج، بنت، بنات ابن، ابن ابن,ابن ابن,عصبة,2,12,,False
282,زوجة، بنت، بنات ابن، ابن ابن,زوجة,1/8,1,8,,False
282,زوجة، بنت، بنات ابن، ابن ابن,بنت,1/2,4,8,,False
282,زوجة، بنت، بنات ابن، ابن ابن,بنات ابن,1/6,1,8,,False
282,زوجة، بنت، بنات ابن، ابن ابن,ابن ابن,عصبة,2,8,,False
283,بنت، بنات ابن، أب,بنت,1/2,3,6,,False
283,بنت، بنات ابن، أب,بنات ابن,1/6,1,6,,False
283,بنت، بنات ابن، أب,أب,1/6,2,6,,False
284,أب، بنت، بنات ابن، ابن ابن,أب,1/6,3,18,,False
284,أب، بنت، بنات ابن، ابن ابن,بنت,1/2,9,18,,False
284,أب، بنت، بنات ابن، ابن ابن,بنات ابن,1/6,2,18,,False
284,أب، بنت، بنات ابن، ابن ابن,ابن ابن,عصبة,4,18,,False
285,بنت، بنات ابن، أم، عم,بنت,1/2,3,6,,False
285,بنت، بنات ابن، أم، عم,بنات ابن,1/6,1,6,,False
285,بنت، بنات ابن، أم، عم,أم,1/6,1,6,,False
285,بنت، بنات ابن، أم، عم,عم,عصبة,1,6,,False
286,بنت، بنات ابن، أم، ابن ابن,بنت,1/2,9,18,,False
286,بنت، بنات ابن، أم، ابن ابن,بنات ابن,1/6,2,18,,False
286,بنت، بنات ابن، أم، ابن ابن,أم,1/6,3,18,,False
286,بنت، بنات ابن، أم، ابن ابن,ابن ابن,عصبة,4,18,,False
287,بنت، بنات ابن، جد,بنت,1/2,3,6,,False
287,بنت، بنات ابن، جد,بنات ابن,1/6,1,6,,False
287,بنت، بنات ابن، جد,جد,1/6,2,6,,False
288,بنت، بنات ابن، جد، ابن ابن,بنت,1/2,9,18,,False
288,بنت، بنات ابن، جد، ابن ابن,بنات ابن,1/6,2,18,,False
288,بنت، بنات ابن، جد، ابن ابن,جد,1/6,3,18,,False
288,بنت، بنات ابن، جد، ابن ابن,ابن ابن,عصبة,4,18,,False
289,بنت، بنات ابن، جدة، عم,بنت,1/2,3,6,,False
289,بنت، بنات ابن، جدة، عم,بنات ابن,1/6,1,6,,False
289,بنت، بنات ابن، جدة، عم,جدة,1/6,1,6,,False
289,بنت، بنات ابن، جدة، عم,عم,عصبة,1,6,,False
290,بنت، بنات ابن، جدة، ابن ابن,بنت,1/2,9,18,,False
290,بنت، بنات ابن، جدة، ابن ابن,بنات ابن,1/6,2,18,,False
290,بنت، بنات ابن، جدة، ابن ابن,جدة,1/6,3,18,,False
290,بنت، بنات ابن، جدة، ابن ابن,ابن ابن,عصبة,4,18,,False
291,زوج، بنت، بنات ابن، أب,زوج,1/4,3,13,عالت المسألة,False
291,زوج، بنت، بنات ابن، أب,بنت,1/2,6,13,عالت المسألة,False
291,زوج، بنت، بنات ابن، أب,بنات ابن,1/6,2,13,عالت المسألة,False
291,زوج، بنت، بنات ابن، أب,أب,1/6,2,13,عالت المسألة,False
292,زوج، أب، بنت، بنات ابن، ابن ابن,زوج,1/4,3,13,عالت المسألة,False
292,زوج، أب، بنت، بنات ابن، ابن ابن,أب,1/6,2,13,عالت المسألة,False
292,زوج، أب، بنت، بنات ابن، ابن ابن,بنت,1/2,6,13,عالت المسألة,False
292,زوج، أب، بنت، بنات ابن، ابن ابن,بنات ابن,1/6,2,13,عالت المسألة,False
292,زوج، أب، بنت، بنات ابن، ابن ابن,ابن ابن,عصبة,0,13,عالت المسألة,False
293,زوجة، بنت، بنات ابن، أب,زوجة,1/8,3,24,,False
293,زوجة، بنت، بنات ابن، أب,بنت,1/2,12,24,,False
293,زوجة، بنت، بنات ابن، أب,بنات ابن,1/6,4,24,,False
293,زوجة، بنت، بنات ابن، أب,أب,1/6,5,24,,False
294,زوجة، أب، بنت، بنات ابن، ابن ابن,زوجة,1/8,9,72,,False
294,زوجة، أب، بنت، بنات ابن، ابن ابن,أب,1/6,12,72,,False
294,زوجة، أب، بنت، بنات ابن، ابن ابن,بنت,1/2,36,72,,False
294,زوجة، أب، بنت، بنات ابن، ابن ابن,بنات ابن,1/6,5,72,,False
294,زوجة، أب، بنت، بنات ابن، ابن ابن,ابن ابن,عصبة,10,72,,False
295,زوج، أم، بنت، بنات ابن، عم,زوج,1/4,3,13,عالت المسألة,False
295,زوج، أم، بنت، بنات ابن، عم,أم,1/6,2,13,عالت المسألة,False
295,زوج، أم، بنت، بنات ابن، عم,بنت,1/2,6,13,عالت المسألة,False
295,زوج، أم، بنت، بنات ابن، عم,بنات ابن,1/6,2,13,عالت المسألة,False
295,زوج، أم، بنت، بنات ابن، عم,عم,عصبة,0,13,عالت المسألة,False
296,زوج، أم، بنت، بنات ابن، ابن ابن,زوج,1/4,3,13,عالت المسألة,False
296,زوج، أم، بنت، بنات ابن، ابن ابن,أم,1/6,2,13,عالت المسألة,False
296,زوج، أم، بنت، بنات ابن، ابن ابن,بنت,1/2,6,13,عالت المسألة,False
296,زوج، أم، بنت، بنات ابن، ابن ابن,بنات ابن,1/6,2,13,عالت المسألة,False
296,زوج، أم، بنت، بنات ابن، ابن ابن,ابن ابن,عصبة,0,13,عالت المسألة,False
297,زوجة، أم، بنت، بنات ابن، عم,زوجة,1/8,3,24,,False
297,زوجة، أم، بنت، بنات ابن، عم,أم,1/6,4,24,,False
297,زوجة، أم، بنت، بنات ابن، عم,بنت,1/2,12,24,,False
297,زوجة، أم، بنت، بنات ابن، عم,بنات ابن,1/6,4,24,,False
297,زوجة، أم، بنت، بنات ابن، عم,عم,عصبة,1,24,,False
298,زوجة، أم، بنت، بنات ابن، ابن ابن,زوجة,1/8,9,72,,False
298,زوجة، أم، بنت، بنات ابن، ابن ابن,أم,1/6,12,72,,False
298,زوجة، أم، بنت، بنات ابن، ابن ابن,بنت,1/2,36,72,,False
298,زوجة، أم، بنت، بنات ابن، ابن ابن,بنات ابن,1/6,5,72,,False
298,زوجة، أم، بنت، بنات ابن، ابن ابن,ابن ابن,عصبة,10,72,,False
299,زوج، بنت، بنات ابن، جد,زوج,1/4,3,13,عالت المسألة,False
299,زوج، بنت، بنات ابن، جد,بنت,1/2,6,13,عالت المسألة,False
299,زوج، بنت، بنات ابن، جد,بنات ابن,1/6,2,13,عالت المسألة,False
299,زوج، بنت، بنات ابن، جد,جد,1/6,2,13,عالت المسألة,False
300,زوج، جد، بنت، بنات ابن، ابن ابن,زوج,1/4,3,13,عالت المسألة,False
300,زوج، جد، بنت، بنات ابن، ابن ابن,جد,1/6,2,13,عالت المسألة,False
300,زوج، جد، بنت، بنات ابن، ابن ابن,بنت,1/2,6,13,عالت المسألة,False
300,زوج، جد، بنت، بنات ابن، ابن ابن,بنات ابن,1/6,2,13,عالت المسألة,False
300,زوج، جد، بنت، بنات ابن، ابن ابن,ابن ابن,عصبة,0,13,عالت المسألة,False
301,زوجة، بنت، بنات ابن، جد,زوجة,1/8,3,24,,False
301,زوجة، بنت، بنات ابن، جد,بنت,1/2,12,24,,False
301,زوجة، بنت، بنات ابن، جد,بنات ابن,1/6,4,24,,False
301,زوجة، بنت، بنات ابن، جد,جد,1/6,5,24,,False
302,زوجة، جد، بنت، بنات ابن، ابن ابن,زوجة,1/8,9,72,,False
302,زوجة، جد، بنت، بنات ابن، ابن ابن,جد,1/6,12,72,,False
302,زوجة، جد، بنت، بنات ابن، ابن ابن,بنت,1/2,36,72,,False
302,زوجة، جد، بنت، بنات ابن، ابن ابن,بنات ابن,1/6,5,72,,False
302,زوجة، جد، بنت، بنات ابن، ابن ابن,ابن ابن,عصبة,10,72,,False
303,زوج، جدة، بنت، بنات ابن، عم,زوج,1/4,3,13,عالت المسألة,False
303,زوج، جدة، بنت، بنات ابن، عم,جدة,1/6,2,13,عالت المسألة,False
303,زوج، جدة، بنت، بنات ابن، عم,بنت,1/2,6,13,عالت المسألة,False
303,زوج، جدة، بنت، بنات ابن، عم,بنات ابن,1/6,2,13,عالت المسألة,False
303,زوج، جدة، بنت، بنات ابن، عم,عم,عصبة,0,13,عالت المسألة,False
304,زوج، جدة، بنت، بنات ابن، ابن ابن,زوج,1/4,3,13,عالت المسألة,False
304,زوج، جدة، بنت، بنات ابن، ابن ابن,جدة,1/6,2,13,عالت المسألة,False
304,زوج، جدة، بنت، بنات ابن، ابن ابن,بنت,1/2,6,13,عالت المسألة,False
304,زوج، جدة، بنت، بنات ابن، ابن ابن,بنات ابن,1/6,2,13,عالت المسألة,False
304,زوج، جدة، بنت، بنات ابن، ابن ابن,ابن ابن,عصبة,0,13,عالت المسألة,False
305,زوجة، جدة، بنت، بنات ابن، عم,زوجة,1/8,3,24,,False
305,زوجة، جدة، بنت، بنات ابن، عم,جدة,1/6,4,24,,False
305,زوجة، جدة، بنت، بنات ابن، عم,بنت,1/2,12,24,,False
305,زوجة، جدة، بنت، بنات ابن، عم,بنات ابن,1/6,4,24,,False
305,زوجة، جدة، بنت، بنات ابن، عم,عم,عصبة,1,24,,False
306,زوجة، جدة، بنت، بنات ابن، ابن ابن,زوجة,1/8,9,72,,False
306,زوجة، جدة، بنت، بنات ابن، ابن ابن,جدة,1/6,12,72,,False
306,زوجة، جدة، بنت، بنات ابن، ابن ابن,بنت,1/2,36,72,,False
306,زوجة، جدة، بنت، بنات ابن، ابن ابن,بنات ابن,1/6,5,72,,False
306,زوجة، جدة، بنت، بنات ابن، ابن ابن,ابن ابن,عصبة,10,72,,False
307,زوج، أم، بنت، بنات ابن، أب,زوج,1/4,3,15,عالت المسألة,False
307,زوج، أم، بنت، بنات ابن، أب,أم,1/6,2,15,عالت المسألة,False
307,زوج، أم، بنت، بنات ابن، أب,بنت,1/2,6,15,عالت المسألة,False
307,زوج، أم، بنت، بنات ابن، أب,بنات ابن,1/6,2,15,عالت المسألة,False
307,زوج، أم، بنت، بنات ابن، أب,أب,1/6,2,15,عالت المسألة,False
308,زوج، أم، أب، بنت، بنات ابن، ابن ابن,زوج,1/4,3,15,عالت المسألة,False
308,زوج، أم، أب، بنت، بنات ابن، ابن ابن,أم,1/6,2,15,عالت المسألة,False
308,زوج، أم، أب، بنت، بنات ابن، ابن ابن,أب,1/6,2,15,عالت المسألة,False
308,زوج، أم، أب، بنت، بنات ابن، ابن ابن,بنت,1/2,6,15,عالت المسألة,False
308,زوج، أم، أب، بنت، بنات ابن، ابن ابن,بنات ابن,1/6,2,15,عالت المسألة,False
308,زوج، أم، أب، بنت، بنات ابن، ابن ابن,ابن ابن,عصبة,0,15,عالت المسألة,False
309,زوجة، أم، بنت، بنات ابن، أب,زوجة,1/8,3,27,عالت المسألة,False
309,زوجة، أم، بنت، بنات ابن، أب,أم,1/6,4,27,عالت المسألة,False
309,زوجة، أم، بنت، بنات ابن، أب,بنت,1/2,12,27,عالت المسألة,False
309,زوجة، أم، بنت، بنات ابن، أب,بنات ابن,1/6,4,27,عالت المسألة,False
309,زوجة، أم، بنت، بنات ابن، أب,أب,1/6,4,27,عالت المسألة,False
310,زوجة، أم، أب، بنت، بنات ابن، ابن ابن,زوجة,1/8,3,27,عالت المسألة,False
310,زوجة، أم، أب، بنت، بنات ابن، ابن ابن,أم,1/6,4,27,عالت المسألة,False
310,زوجة، أم، أب، بنت، بنات ابن، ابن ابن,أب,1/6,4,27,عالت المسألة,False
310,زوجة، أم، أب، بنت، بنات ابن، ابن ابن,بنت,1/2,12,27,عالت المسألة,False
310,زوجة، أم، أب، بنت، بنات ابن، ابن ابن,بنات ابن,1/6,4,27,عالت المسألة,False
310,زوجة، أم، أب، بنت، بنات ابن، ابن ابن,ابن ابن,عصبة,0,27,عالت المسألة,False
311,زوج، أم، بنت، بنات ابن، جد,زوج,1/4,3,15,عالت المسألة,False
311,زوج، أم، بنت، بنات ابن، جد,أم,1/6,2,15,عالت المسألة,False
311,زوج، أم، بنت، بنات ابن، جد,بنت,1/2,6,15,عالت المسألة,False
311,زوج، أم، بنت، بنات ابن، جد,بنات ابن,1/6,2,15,عالت المسألة,False
311,زوج، أم، بنت، بنات ابن، جد,جد,1/6,2,15,عالت المسألة,False
312,زوج، أم، جد، بنت، بنات ابن، ابن ابن,زوج,1/4,3,15,عالت المسألة,False
312,زوج، أم، جد، بنت، بنات ابن، ابن ابن,أم,1/6,2,15,عالت المسألة,False
312,زوج، أم، جد، بنت، بنات ابن، ابن ابن,جد,1/6,2,15,عالت المسألة,False
312,زوج، أم، جد، بنت، بنات ابن، ابن ابن,بنت,1/2,6,15,عالت المسألة,False
312,زوج، أم، جد، بنت، بنات ابن، ابن ابن,بنات ابن,1/6,2,15,عالت المسألة,False
312,زوج، أم، جد، بنت، بنات ابن، ابن ابن,ابن ابن,عصبة,0,15,عالت المسألة,False
313,زوجة، أم، بنت، بنات ابن، جد,زوجة,1/8,3,27,عالت المسألة,False
313,زوجة، أم، بنت، بنات ابن، جد,أم,1/6,4,27,عالت المسألة,False
313,زوجة، أم، بنت، بنات ابن، جد,بنت,1/2,12,27,عالت المسألة,False
313,زوجة، أم، بنت، بنات ابن، جد,بنات ابن,1/6,4,27,عالت المسألة,False
313,زوجة، أم، بنت، بنات ابن، جد,جد,1/6,4,27,عالت المسألة,False
314,زوجة، أم، جد، بنت، بنات ابن، ابن ابن,زوجة,1/8,3,27,عالت المسألة,False
314,زوجة، أم، جد، بنت، بنات ابن، ابن ابن,أم,1/6,4,27,عالت المسألة,False
314,زوجة، أم، جد، بنت، بنات ابن، ابن ابن,جد,1/6,4,27,عالت المسألة,False
314,زوجة، أم، جد، بنت، بنات ابن، ابن ابن,بنت,1/2,12,27,عالت المسألة,False
314,زوجة، أم، جد، بنت، بنات ابن، ابن ابن,بنات ابن,1/6,4,27,عالت المسألة,False
314,زوجة، أم، جد، بنت، بنات ابن، ابن ابن,ابن ابن,عصبة,0,27,عالت المسألة,False
315,زوج، جدة، بنت، بنات ابن، أب,زوج,1/4,3,15,عالت المسألة,False
315,زوج، جدة، بنت، بنات ابن، أب,جدة,1/6,2,15,عالت المسألة,False
315,زوج، جدة، بنت، بنات ابن، أب,بنت,1/2,6,15,عالت المسألة,False
315,زوج، جدة، بنت، بنات ابن، أب,بنات ابن,1/6,2,15,عالت المسألة,False
315,زوج، جدة، بنت، بنات ابن، أب,أب,1/6,2,15,عالت المسألة,False
316,زوج، جدة، أب، بنت، بنات ابن، ابن ابن,زوج,1/4,3,15,عالت المسألة,False
316,زوج، جدة، أب، بنت، بنات ابن، ابن ابن,جدة,1/6,2,15,عالت المسألة,False
316,زوج، جدة، أب، بنت، بنات ابن، ابن ابن,أب,1/6,2,15,عالت المسألة,False
316,زوج، جدة، أب، بنت، بنات ابن، ابن ابن,بنت,1/2,6,15,عالت المسألة,False
316,زوج، جدة، أب، بنت، بنات ابن، ابن ابن,بنات ابن,1/6,2,15,عالت المسألة,False
316,زوج، جدة، أب، بنت، بنات ابن، ابن ابن,ابن ابن,عصبة,0,15,عالت المسألة,False
317,زوجة، جدة، بنت، بنات ابن، أب,زوجة,1/8,3,27,عالت المسألة,False
317,زوجة، جدة، بنت، بنات ابن، أب,جدة,1/6,4,27,عالت المسألة,False
317,زوجة، جدة، بنت، بنات ابن، أب,بنت,1/2,12,27,عالت المسألة,False
317,زوجة، جدة، بنت، بنات ابن، أب,بنات ابن,1/6,4,27,عالت المسألة,False
317,زوجة، جدة، بنت، بنات ابن، أب,أب,1/6,4,27,عالت المسألة,False
318,زوجة، جدة، أب، بنت، بنات ابن، ابن ابن,زوجة,1/8,3,27,عالت المسألة,False
318,زوجة، جدة، أب، بنت، بنات ابن، ابن ابن,جدة,1/6,4,27,عالت المسألة,False
318,زوجة، جدة، أب، بنت، بنات ابن، ابن ابن,أب,1/6,4,27,عالت المسألة,False
318,زوجة، جدة، أب، بنت، بنات ابن، ابن ابن,بنت,1/2,12,27,عالت المسألة,False
318,زوجة، جدة، أب، بنت، بنات ابن، ابن ابن,بنات ابن,1/6,4,27,عالت المسألة,False
318,زوجة، جدة، أب، بنت، بنات ابن، ابن ابن,ابن ابن,عصبة,0,27,عالت المسألة,False
319,زوج، جدة، بنت، بنات ابن، جد,زوج,1/4,3,15,عالت المسألة,False
319,زوج، جدة، بنت، بنات ابن، جد,جدة,1/6,2,15,عالت المسألة,False
319,زوج، جدة، بنت، بنات ابن، جد,بنت,1/2,6,15,عالت المسألة,False
319,زوج، جدة، بنت، بنات ابن، جد,بنات ابن,1/6,2,15,عالت المسألة,False
319,زوج، جدة، بنت، بنات ابن، جد,جد,1/6,2,15,عالت المسألة,False
320,زوج، جدة، جد، بنت، بنات ابن، ابن ابن,زوج,1/4,3,15,عالت المسألة,False
320,زوج، جدة، جد، بنت، بنات ابن، ابن ابن,جدة,1/6,2,15,عالت المسألة,False
320,زوج، جدة، جد، بنت، بنات ابن، ابن ابن,جد,1/6,2,15,عالت المسألة,False
320,زوج، جدة، جد، بنت، بنات ابن، ابن ابن,بنت,1/2,6,15,عالت المسألة,False
320,زوج، جدة، جد، بنت، بنات ابن، ابن ابن,بنات ابن,1/6,2,15,عالت المسألة,False
320,زوج، جدة، جد، بنت، بنات ابن، ابن ابن,ابن ابن,عصبة,0,15,عالت المسألة,False
321,زوجة، جدة، بنت، بنات ابن، جد,زوجة,1/8,3,27,عالت المسألة,False
321,زوجة، جدة، بنت، بنات ابن، جد,جدة,1/6,4,27,عالت المسألة,False
321,زوجة، جدة، بنت، بنات ابن، جد,بنت,1/2,12,27,عالت المسألة,False
321,زوجة، جدة، بنت، بنات ابن، جد,بنات ابن,1/6,4,27,عالت المسألة,False
321,زوجة، جدة، بنت، بنات ابن، جد,جد,1/6,4,27,عالت المسألة,False
322,زوجة، جدة، جد، بنت، بنات ابن، ابن ابن,زوجة,1/8,3,27,عالت المسألة,False
322,زوجة، جدة، جد، بنت، بنات ابن، ابن ابن,جدة,1/6,4,27,عالت المسألة,False
322,زوجة، جدة، جد، بنت، بنات ابن، ابن ابن,جد,1/6,4,27,عالت المسألة,False
322,زوجة، جدة، جد، بنت، بنات ابن، ابن ابن,بنت,1/2,12,27,عالت المسألة,False
322,زوجة، جدة، جد، بنت، بنات ابن، ابن ابن,بنات ابن,1/6,4,27,عالت المسألة,False
322,زوجة، جدة، جد، بنت، بنات ابن، ابن ابن,ابن ابن,عصبة,0,27,عالت المسألة,False
323,شقيقة، عم,شقيقة,1/2,1,2,,False
323,شقيقة، عم,عم,عصبة,1,2,,False
324,شقيقة، شقيق,شقيقة,محجوب,1,3,,False
324,شقيقة، شقيق,شقيق,عصبة,2,3,,False
325,زوج، شقيقة، عم,زوج,1/2,1,2,,False
325,زوج، شقيقة، عم,شقيقة,1/2,1,2,,False
325,زوج، شقيقة، عم,عم,عصبة,0,2,,False
326,زوجة، شقيقة، عم,زوجة,1/4,1,4,,False
326,زوجة، شقيقة، عم,شقيقة,1/2,2,4,,False
326,زوجة، شقيقة، عم,عم,عصبة,1,4,,False
327,زوج، شقيقة، شقيق,زوج,1/2,3,6,,False
327,زوج، شقيقة، شقيق,شقيقة,محجوب,1,6,,False
327,زوج، شقيقة، شقيق,شقيق,عصبة,2,6,,False
328,زوجة، شقيقة، شقيق,زوجة,1/4,1,4,,False
328,زوجة، شقيقة، شقيق,شقيقة,محجوب,1,4,,False
328,زوجة، شقيقة، شقيق,شقيق,عصبة,2,4,,False
329,شقيقة، أم، عم,شقيقة,1/2,3,6,,False
329,شقيقة، أم، عم,أم,1/3,2,6,,False
329,شقيقة، أم، عم,عم,عصبة,1,6,,False
330,شقيقة، أم، شقيق,شقيقة,محجوب,5,18,,False
330,شقيقة، أم، شقيق,أم,1/6,3,18,,False
330,شقيقة، أم، شقيق,شقيق,عصبة,10,18,,False
331,شقيقة، جد,شقيقة,محجوب,0,1,,False
331,شقيقة، جد,جد,عصبة,1,1,,False
332,شقيقة، جد، شقيق,شقيقة,محجوب,0,1,,False
332,شقيقة، جد، شقيق,جد,عصبة,1,1,,False
332,شقيقة، جد، شقيق,شقيق,محجوب,0,1,,False
333,شقيقة، جدة، عم,شقيقة,1/2,3,6,,False
333,شقيقة، جدة، عم,جدة,1/6,1,6,,False
333,شقيقة، جدة، عم,عم,عصبة,2,6,,False
334,شقيقة، جدة، شقيق,شقيقة,محجوب,5,18,,False
334,شقيقة، جدة، شقيق,جدة,1/6,3,18,,False
334,شقيقة، جدة، شقيق,شقيق,عصبة,10,18,,False
335,زوج، أم، شقيقة، عم,زوج,1/2,3,8,عالت المسألة,False
335,زوج، أم، شقيقة، عم,أم,1/3,2,8,عالت المسألة,False
335,زوج، أم، شقيقة، عم,شقيقة,1/2,3,8,عالت المسألة,False
335,زوج، أم، شقيقة، عم,عم,عصبة,0,8,عالت المسألة,False
336,زوج، أم، شقيقة، شقيق,زوج,1/2,9,18,,False
336,زوج، أم، شقيقة، شقيق,أم,1/6,3,18,,False
336,زوج، أم، شقيقة، شقيق,شقيقة,محجوب,2,18,,False
336,زوج، أم، شقيقة، شقيق,شقيق,عصبة,4,18,,False
337,زوجة، أم، شقيقة، عم,زوجة,1/4,3,13,عالت المسألة,False
337,زوجة، أم، شقيقة، عم,أم,1/3,4,13,عالت المسألة,False
337,زوجة، أم، شقيقة، عم,شقيقة,1/2,6,13,عالت المسألة,False
337,زوجة، أم، شقيقة، عم,عم,عصبة,0,13,عالت المسألة,False
338,زوجة، أم، شقيقة، شقيق,زوجة,1/4,9,36,,False
338,زوجة، أم، شقيقة، شقيق,أم,1/6,6,36,,False
338,زوجة، أم، شقيقة، شقيق,شقيقة,محجوب,7,36,,False
338,زوجة، أم، شقيقة، شقيق,شقيق,عصبة,14,36,,False
339,زوج، شقيقة، جد,زوج,1/2,1,2,,False
339,زوج، شقيقة، جد,شقيقة,محجوب,0,2,,False
339,زوج، شقيقة، جد,جد,عصبة,1,2,,False
340,زوج، جد، شقيقة، شقيق,زوج,1/2,1,2,,False
340,زوج، جد، شقيقة، شقيق,جد,عصبة,1,2,,False
340,زوج، جد، شقيقة، شقيق,شقيقة,محجوب,0,2,,False
340,زوج، جد، شقيقة، شقيق,شقيق,محجوب,0,2,,False
341,زوجة، شقيقة، جد,زوجة,1/4,1,4,,False
341,زوجة، شقيقة، جد,شقيقة,محجوب,0,4,,False
341,زوجة، شقيقة، جد,جد,عصبة,3,4,,False
342,زوجة، جد، شقيقة، شقيق,زوجة,1/4,1,4,,False
342,زوجة، جد، شقيقة، شقيق,جد,عصبة,3,4,,False
342,زوجة، جد، شقيقة، شقيق,شقيقة,محجوب,0,4,,False
342,زوجة، جد، شقيقة، شقيق,شقيق,محجوب,0,4,,False
343,زوج، جدة، شقيقة، عم,زوج,1/2,3,7,عالت المسألة,False
343,زوج، جدة، شقيقة، عم,جدة,1/6,1,7,عالت المسألة,False
343,زوج، جدة، شقيقة، عم,شقيقة,1/2,3,7,عالت المسألة,False
343,زوج، جدة، شقيقة، عم,عم,عصبة,0,7,عالت المسألة,False
344,زوج، جدة، شقيقة، شقيق,زوج,1/2,9,18,,False
344,زوج، جدة، شقيقة، شقيق,جدة,1/6,3,18,,False
344,زوج، جدة، شقيقة، شقيق,شقيقة,محجوب,2,18,,False
344,زوج، جدة، شقيقة، شقيق,شقيق,عصبة,4,18,,False
345,زوجة، جدة، شقيقة، عم,زوجة,1/4,3,12,,False
345,زوجة، جدة، شقيقة، عم,جدة,1/6,2,12,,False
345,زوجة، جدة، شقيقة، عم,شقيقة,1/2,6,12,,False
345,زوجة، جدة، شقيقة، عم,عم,عصبة,1,12,,False
346,زوجة، جدة، شقيقة، شقيق,زوجة,1/4,9,36,,False
346,زوجة، جدة، شقيقة، شقيق,جدة,1/6,6,36,,False
346,زوجة، جدة، شقيقة، شقيق,شقيقة,محجوب,7,36,,False
346,زوجة، جدة، شقيقة، شقيق,شقيق,عصبة,14,36,,False
347,زوج، أم، شقيقة، جد,زوج,1/2,3,6,,False
347,زوج، أم، شقيقة، جد,أم,1/3,2,6,,False
347,زوج، أم، شقيقة، جد,شقيقة,محجوب,0,6,,False
347,زوج، أم، شقيقة، جد,جد,عصبة,1,6,,False
348,زوج، أم، جد، شقيقة، شقيق,زوج,1/2,3,6,,False
348,زوج، أم، جد، شقيقة، شقيق,أم,1/6,1,6,,False
348,زوج، أم، جد، شقيقة، شقيق,جد,عصبة,2,6,,False
348,زوج، أم، جد، شقيقة، شقيق,شقيقة,محجوب,0,6,,False
348,زوج، أم، جد، شقيقة، شقيق,شقيق,محجوب,0,6,,False
349,زوجة، أم، شقيقة، جد,زوجة,1/4,3,12,,False
349,زوجة، أم، شقيقة، جد,أم,1/3,4,12,,False
349,زوجة، أم، شقيقة، جد,شقيقة,محجوب,0,12,,False
349,زوجة، أم، شقيقة، جد,جد,عصبة,5,12,,False
350,زوجة، أم، جد، شقيقة، شقيق,زوجة,1/4,3,12,,False
350,زوجة، أم، جد، شقيقة، شقيق,أم,1/6,2,12,,False
350,زوجة، أم، جد، شقيقة، شقيق,جد,عصبة,7,12,,False
350,زوجة، أم، جد، شقيقة، شقيق,شقيقة,محجوب,0,12,,False
350,زوجة، أم، جد، شقيقة، شقيق,شقيق,محجوب,0,12,,False
351,زوج، جدة، شقيقة، جد,زوج,1/2,3,6,,False
351,زوج، جدة، شقيقة، جد,جدة,1/6,1,6,,False
351,زوج، جدة، شقيقة، جد,شقيقة,محجوب,0,6,,False
351,زوج، جدة، شقيقة، جد,جد,عصبة,2,6,,False
352,زوج، جدة، جد، شقيقة، شقيق,زوج,1/2,3,6,,False
352,زوج، جدة، جد، شقيقة، شقيق,جدة,1/6,1,6,,False
352,زوج، جدة، جد، شقيقة، شقيق,جد,عصبة,2,6,,False
352,زوج، جدة، جد، شقيقة، شقيق,شقيقة,محجوب,0,6,,False
352,زوج، جدة، جد، شقيقة، شقيق,شقيق,محجوب,0,6,,False
353,زوجة، جدة، شقيقة، جد,زوجة,1/4,3,12,,False
353,زوجة، جدة، شقيقة، جد,جدة,1/6,2,12,,False
353,زوجة، جدة، شقيقة، جد,شقيقة,محجوب,0,12,,False
353,زوجة، جدة، شقيقة، جد,جد,عصبة,7,12,,False
354,زوجة، جدة، جد، شقيقة، شقيق,زوجة,1/4,3,12,,False
354,زوجة، جدة، جد، شقيقة، شقيق,جدة,1/6,2,12,,False
354,زوجة، جدة، جد، شقيقة، شقيق,جد,عصبة,7,12,,False
354,زوجة، جدة، جد، شقيقة، شقيق,شقيقة,محجوب,0,12,,False
354,زوجة، جدة، جد، شقيقة، شقيق,شقيق,محجوب,0,12,,False
355,شقائق، عم,شقائق,2/3,2,3,,False
355,شقائق، عم,عم,عصبة,1,3,,False
356,شقائق، شقيق,شقائق,محجوب,1,3,,False
356,شقائق، شقيق,شقيق,عصبة,2,3,,False
357,زوج، شقائق، عم,زوج,1/2,3,7,عالت المسألة,False
357,زوج، شقائق، عم,شقائق,2/3,4,7,عالت المسألة,False
357,زوج، شقائق، عم,عم,عصبة,0,7,عالت المسألة,False
358,زوجة، شقائق، عم,زوجة,1/4,3,12,,False
358,زوجة، شقائق، عم,شقائق,2/3,8,12,,False
358,زوجة، شقائق، عم,عم,عصبة,1,12,,False
359,زوج، شقائق، شقيق,زوج,1/2,3,6,,False
359,زوج، شقائق، شقيق,شقائق,محجوب,1,6,,False
359,زوج، شقائق، شقيق,شقيق,عصبة,2,6,,False
360,زوجة، شقائق، شقيق,زوجة,1/4,1,4,,False
360,زوجة، شقائق، شقيق,شقائق,محجوب,1,4,,False
360,زوجة، شقائق، شقيق,شقيق,عصبة,2,4,,False
361,شقائق، أم، عم,شقائق,2/3,2,3,,False
361,شقائق، أم، عم,أم,1/3,1,3,,False
361,شقائق، أم، عم,عم,عصبة,0,3,,False
362,شقائق، أم، شقيق,شقائق,محجوب,5,18,,False
362,شقائق، أم، شقيق,أم,1/6,3,18,,False
362,شقائق، أم، شقيق,شقيق,عصبة,10,18,,False
363,شقائق، جد,شقائق,محجوب,0,1,,False
363,شقائق، جد,جد,عصبة,1,1,,False
364,شقائق، جد، شقيق,شقائق,محجوب,0,1,,False
364,شقائق، جد، شقيق,جد,عصبة,1,1,,False
364,شقائق، جد، شقيق,شقيق,محجوب,0,1,,False
365,شقائق، جدة، عم,شقائق,2/3,4,6,,False
365,شقائق، جدة، عم,جدة,1/6,1,6,,False
365,شقائق، جدة، عم,عم,عصبة,1,6,,False
366,شقائق، جدة، شقيق,شقائق,محجوب,5,18,,False
366,شقائق، جدة، شقيق,جدة,1/6,3,18,,False
366,شقائق، جدة، شقيق,شقيق,عصبة,10,18,,False
367,زوج، أم، شقائق، عم,زوج,1/2,3,9,عالت المسألة,False
367,زوج، أم، شقائق، عم,أم,1/3,2,9,عالت المسألة,False
367,زوج، أم، شقائق، عم,شقائق,2/3,4,9,عالت المسألة,False
367,زوج، أم، شقائق، عم,عم,عصبة,0,9,عالت المسألة,False
368,زوج، أم، شقائق، شقيق,زوج,1/2,9,18,,False
368,زوج، أم، شقائق، شقيق,أم,1/6,3,18,,False
368,زوج، أم، شقائق، شقيق,شقائق,محجوب,2,18,,False
368,زوج، أم، شقائق، شقيق,شقيق,عصبة,4,18,,False
369,زوجة، أم، شقائق، عم,زوجة,1/4,3,15,عالت المسألة,False
369,زوجة، أم، شقائق، عم,أم,1/3,4,15,عالت المسألة,False
369,زوجة، أم، شقائق، عم,شقائق,2/3,8,15,عالت المسألة,False
369,زوجة، أم، شقائق، عم,عم,عصبة,0,15,عالت المسألة,False
370,زوجة، أم، شقائق، شقيق,زوجة,1/4,9,36,,False
370,زوجة، أم، شقائق، شقيق,أم,1/6,6,36,,False
370,زوجة، أم، شقائق، شقيق,شقائق,محجوب,7,36,,False
370,زوجة، أم، شقائق، شقيق,شقيق,عصبة,14,36,,False
371,زوج، شقائق، جد,زوج,1/2,1,2,,False
371,زوج، شقائق، جد,شقائق,محجوب,0,2,,False
371,زوج، شقائق، جد,جد,عصبة,1,2,,False
372,زوج، جد، شقائق، شقيق,زوج,1/2,1,2,,False
372,زوج، جد، شقائق، شقيق,جد,عصبة,1,2,,False
372,زوج، جد، شقائق، شقيق,شقائق,محجوب,0,2,,False
372,زوج، جد، شقائق، شقيق,شقيق,محجوب,0,2,,False
373,زوجة، شقائق، جد,زوجة,1/4,1,4,,False
373,زوجة، شقائق، جد,شقائق,محجوب,0,4,,False
373,زوجة، شقائق، جد,جد,عصبة,3,4,,False
374,زوجة، جد، شقائق، شقيق,زوجة,1/4,1,4,,False
374,زوجة، جد، شقائق، شقيق,جد,عصبة,3,4,,False
374,زوجة، جد، شقائق، شقيق,شقائق,محجوب,0,4,,False
374,زوجة، جد، شقائق، شقيق,شقيق,محجوب,0,4,,False
375,زوج، جدة، شقائق، عم,زوج,1/2,3,8,عالت المسألة,False
375,زوج، جدة، شقائق، عم,جدة,1/6,1,8,عالت المسألة,False
375,زوج، جدة، شقائق، عم,شقائق,2/3,4,8,عالت المسألة,False
375,زوج، جدة، شقائق، عم,عم,عصبة,0,8,عالت المسألة,False
376,زوج، جدة، شقائق، شقيق,زوج,1/2,9,18,,False
376,زوج، جدة، شقائق، شقيق,جدة,1/6,3,18,,False
376,زوج، جدة، شقائق، شقيق,شقائق,محجوب,2,18,,False
376,زوج، جدة، شقائق، شقيق,شقيق,عصبة,4,18,,False
377,زوجة، جدة، شقائق، عم,زوجة,1/4,3,13,عالت المسألة,False
377,زوجة، جدة، شقائق، عم,جدة,1/6,2,13,عالت المسألة,False
377,زوجة، جدة، شقائق، عم,شقائق,2/3,8,13,عالت المسألة,False
377,زوجة، جدة، شقائق، عم,عم,عصبة,0,13,عالت المسألة,False
378,زوجة، جدة، شقائق، شقيق,زوجة,1/4,9,36,,False
378,زوجة، جدة، شقائق، شقيق,جدة,1/6,6,36,,False
378,زوجة، جدة، شقائق، شقيق,شقائق,محجوب,7,36,,False
378,زوجة، جدة، شقائق، شقيق,شقيق,عصبة,14,36,,False
379,زوج، أم، أب، شقائق، شقيق,زوج,1/2,3,6,,False
379,زوج، أم، أب، شقائق، شقيق,أم,1/3 الباقي,1,6,,False
379,زوج، أم، أب، شقائق، شقيق,أب,عصبة,2,6,,False
379,زوج، أم، أب، شقائق، شقيق,شقائق,محجوب,0,6,,False
379,زوج، أم، أب، شقائق، شقيق,شقيق,محجوب,0,6,,False
380,زوجة، أم، أب، شقائق، شقيق,زوجة,1/4,1,4,,False
380,زوجة، أم، أب، شقائق، شقيق,أم,1/3 الباقي,1,4,,False
380,زوجة، أم، أب، شقائق، شقيق,أب,عصبة,2,4,,False
380,زوجة، أم، أب، شقائق، شقيق,شقائق,محجوب,0,4,,False
380,زوجة، أم، أب، شقائق، شقيق,شقيق,محجوب,0,4,,False
381,زوج، أم، شقائق، جد,زوج,1/2,3,6,,False
381,زوج، أم، شقائق، جد,أم,1/3,2,6,,False
381,زوج، أم، شقائق، جد,شقائق,محجوب,0,6,,False
381,زوج، أم، شقائق، جد,جد,عصبة,1,6,,False
382,زوج، أم، جد، شقائق، شقيق,زوج,1/2,3,6,,False
382,زوج، أم، جد، شقائق، شقيق,أم,1/6,1,6,,False
382,زوج، أم، جد، شقائق، شقيق,جد,عصبة,2,6,,False
382,زوج، أم، جد، شقائق، شقيق,شقائق,محجوب,0,6,,False
382,زوج، أم، جد، شقائق، شقيق,شقيق,محجوب,0,6,,False
383,زوجة، أم، شقائق، جد,زوجة,1/4,3,12,,False
383,زوجة، أم، شقائق، جد,أم,1/3,4,12,,False
383,زوجة، أم، شقائق، جد,شقائق,محجوب,0,12,,False
383,زوجة، أم، شقائق، جد,جد,عصبة,5,12,,False
384,زوجة، أم، جد، شقائق، شقيق,زوجة,1/4,3,12,,False
384,زوجة، أم، جد، شقائق، شقيق,أم,1/6,2,12,,False
384,زوجة، أم، جد، شقائق، شقيق,جد,عصبة,7,12,,False
384,زوجة، أم، جد، شقائق، شقيق,شقائق,محجوب,0,12,,False
384,زوجة، أم، جد، شقائق، شقيق,شقيق,محجوب,0,12,,False
385,زوج، جدة، أب، شقائق، شقيق,زوج,1/2,3,6,,False
385,زوج، جدة، أب، شقائق، شقيق,جدة,1/6,1,6,,False
385,زوج، جدة، أب، شقائق، شقيق,أب,عصبة,2,6,,False
385,زوج، جدة، أب، شقائق، شقيق,شقائق,محجوب,0,6,,False
385,زوج، جدة، أب، شقائق، شقيق,شقيق,محجوب,0,6,,False
386,زوجة، جدة، أب، شقائق، شقيق,زوجة,1/4,3,12,,False
386,زوجة، جدة، أب، شقائق، شقيق,جدة,1/6,2,12,,False
386,زوجة، جدة، أب، شقائق، شقيق,أب,عصبة,7,12,,False
386,زوجة، جدة، أب، شقائق، شقيق,شقائق,محجوب,0,12,,False
386,زوجة، جدة، أب، شقائق، شقيق,شقيق,محجوب,0,12,,False
387,زوج، جدة، شقائق، جد,زوج,1/2,3,6,,False
387,زوج، جدة، شقائق، جد,جدة,1/6,1,6,,False
387,زوج، جدة، شقائق، جد,شقائق,محجوب,0,6,,False
387,زوج، جدة، شقائق، جد,جد,عصبة,2,6,,False
388,زوج، جدة، جد، شقائق، شقيق,زوج,1/2,3,6,,False
388,زوج، جدة، جد، شقائق، شقيق,جدة,1/6,1,6,,False
388,زوج، جدة، جد، شقائق، شقيق,جد,عصبة,2,6,,False
388,زوج، جدة، جد، شقائق، شقيق,شقائق,محجوب,0,6,,False
388,زوج، جدة، جد، شقائق، شقيق,شقيق,محجوب,0,6,,False
389,زوجة، جدة، شقائق، جد,زوجة,1/4,3,12,,False
389,زوجة، جدة، شقائق، جد,جدة,1/6,2,12,,False
389,زوجة، جدة، شقائق، جد,شقائق,محجوب,0,12,,False
389,زوجة، جدة، شقائق، جد,جد,عصبة,7,12,,False
390,زوجة، جدة، جد، شقائق، شقيق,زوجة,1/4,3,12,,False
390,زوجة، جدة، جد، شقائق، شقيق,جدة,1/6,2,12,,False
390,زوجة، جدة، جد، شقائق، شقيق,جد,عصبة,7,12,,False
390,زوجة، جدة، جد، شقائق، شقيق,شقائق,محجوب,0,12,,False
390,زوجة، جدة، جد، شقائق، شقيق,شقيق,محجوب,0,12,,False
391,بنت، شقائق,بنت,1/2,1,2,,False
391,بنت، شقائق,شقائق,عصبة,1,2,,False
392,بنت، شقائق، شقيق,بنت,1/2,3,6,,False
392,بنت، شقائق، شقيق,شقائق,محجوب,1,6,,False
392,بنت، شقائق، شقيق,شقيق,عصبة,2,6,,False
393,زوج، بنت، شقائق,زوج,1/4,1,4,,False
393,زوج، بنت، شقائق,بنت,1/2,2,4,,False
393,زوج، بنت، شقائق,شقائق,عصبة,1,4,,False
394,زوجة، بنت، شقائق,زوجة,1/8,1,8,,False
394,زوجة، بنت، شقائق,بنت,1/2,4,8,,False
394,زوجة، بنت، شقائق,شقائق,عصبة,3,8,,False
395,زوج، بنت، شقائق، شقيق,زوج,1/4,3,12,,False
395,زوج، بنت، شقائق، شقيق,بنت,1/2,6,12,,False
395,زوج، بنت، شقائق، شقيق,شقائق,محجوب,1,12,,False
395,زوج، بنت، شقائق، شقيق,شقيق,عصبة,2,12,,False
396,زوجة، بنت، شقائق، شقيق,زوجة,1/8,1,8,,False
396,زوجة، بنت، شقائق، شقيق,بنت,1/2,4,8,,False
396,زوجة، بنت، شقائق، شقيق,شقائق,محجوب,1,8,,False
396,زوجة، بنت، شقائق، شقيق,شقيق,عصبة,2,8,,False
397,شقائق، بنت، أم,شقائق,عصبة,2,6,,False
397,شقائق، بنت، أم,بنت,1/2,3,6,,False
397,شقائق، بنت، أم,أم,1/6,1,6,,False
398,بنت، شقائق، أم، شقيق,بنت,1/2,9,18,,False
398,بنت، شقائق، أم، شقيق,شقائق,محجوب,2,18,,False
398,بنت، شقائق، أم، شقيق,أم,1/6,3,18,,False
398,بنت، شقائق، أم، شقيق,شقيق,عصبة,4,18,,False
399,بنت، شقائق، جد,بنت,1/2,1,2,,False
399,بنت، شقائق، جد,شقائق,محجوب,0,2,,False
399,بنت، شقائق، جد,جد,1/6,1,2,,False
400,بنت، شقائق، جد، شقيق,بنت,1/2,1,2,,False
400,بنت، شقائق، جد، شقيق,شقائق,محجوب,0,2,,False
400,بنت، شقائق، جد، شقيق,جد,1/6,1,2,,False
400,بنت، شقائق، جد، شقيق,شقيق,محجوب,0,2,,False
401,بنت، شقائق، جدة,بنت,1/2,3,6,,False
401,بنت، شقائق، جدة,شقائق,عصبة,2,6,,False
401,بنت، شقائق، جدة,جدة,1/6,1,6,,False
402,بنت، شقائق، جدة، شقيق,بنت,1/2,9,18,,False
402,بنت، شقائق، جدة، شقيق,شقائق,محجوب,2,18,,False
402,بنت، شقائق، جدة، شقيق,جدة,1/6,3,18,,False
402,بنت، شقائق، جدة، شقيق,شقيق,عصبة,4,18,,False
403,زوج، أم، بنت، شقائق,زوج,1/4,3,12,,False
403,زوج، أم، بنت، شقائق,أم,1/6,2,12,,False
403,زوج، أم، بنت، شقائق,بنت,1/2,6,12,,False
403,زوج، أم، بنت، شقائق,شقائق,عصبة,1,12,,False
404,زوج، أم، بنت، شقائق، شقيق,زوج,1/4,9,36,,False
404,زوج، أم، بنت، شقائق، شقيق,أم,1/6,6,36,,False
404,زوج، أم، بنت، شقائق، شقيق,بنت,1/2,18,36,,False
404,زوج، أم، بنت، شقائق، شقيق,شقائق,محجوب,1,36,,False
404,زوج، أم، بنت، شقائق، شقيق,شقيق,عصبة,2,36,,False
405,زوجة، أم، بنت، شقائق,زوجة,1/8,3,24,,False
405,زوجة، أم، بنت، شقائق,أم,1/6,4,24,,False
405,زوجة، أم، بنت، شقائق,بنت,1/2,12,24,,False
405,زوجة، أم، بنت، شقائق,شقائق,عصبة,5,24,,False
406,زوجة، أم، بنت، شقائق، شقيق,زوجة,1/8,9,72,,False
406,زوجة، أم، بنت، شقائق، شقيق,أم,1/6,12,72,,False
406,زوجة، أم، بنت، شقائق، شقيق,بنت,1/2,36,72,,False
406,زوجة، أم، بنت، شقائق، شقيق,شقائق,محجوب,5,72,,False
406,زوجة، أم، بنت، شقائق، شقيق,شقيق,عصبة,10,72,,False
407,زوج، بنت، شقائق، جد,زوج,1/4,1,4,,False
407,زوج، بنت، شقائق، جد,بنت,1/2,2,4,,False
407,زوج، بنت، شقائق، جد,شقائق,محجوب,0,4,,False
407,زوج، بنت، شقائق، جد,جد,1/6,1,4,,False
408,زوج، جد، بنت، شقائق، شقيق,زوج,1/4,1,4,,False
408,زوج، جد، بنت، شقائق، شقيق,جد,1/6,1,4,,False
408,زوج، جد، بنت، شقائق، شقيق,بنت,1/2,2,4,,False
408,زوج، جد، بنت، شقائق، شقيق,شقائق,محجوب,0,4,,False
408,زوج، جد، بنت، شقائق، شقيق,شقيق,محجوب,0,4,,False
409,زوجة، بنت، شقائق، جد,زوجة,1/8,1,8,,False
409,زوجة، بنت، شقائق، جد,بنت,1/2,4,8,,False
409,زوجة، بنت، شقائق، جد,شقائق,محجوب,0,8,,False
409,زوجة، بنت، شقائق، جد,جد,1/6,3,8,,False
410,زوجة، جد، بنت، شقائق، شقيق,زوجة,1/8,1,8,,False
410,زوجة، جد، بنت، شقائق، شقيق,جد,1/6,3,8,,False
410,زوجة، جد، بنت، شقائق، شقيق,بنت,1/2,4,8,,False
410,زوجة، جد، بنت، شقائق، شقيق,شقائق,محجوب,0,8,,False
410,زوجة، جد، بنت، شقائق، شقيق,شقيق,محجوب,0,8,,False
411,زوج، جدة، بنت، شقائق، عم,زوج,1/4,3,12,,False
411,زوج، جدة، بنت، شقائق، عم,جدة,1/6,2,12,,False
411,زوج، جدة، بنت، شقائق، عم,بنت,1/2,6,12,,False
411,زوج، جدة، بنت، شقائق، عم,شقائق,عصبة,1,12,,False
411,زوج، جدة، بنت، شقائق، عم,عم,عصبة,0,12,,False
412,زوج، جدة، بنت، شقائق، شقيق,زوج,1/4,9,36,,False
412,زوج، جدة، بنت، شقائق، شقيق,جدة,1/6,6,36,,False
412,زوج، جدة، بنت، شقائق، شقيق,بنت,1/2,18,36,,False
412,زوج، جدة، بنت، شقائق، شقيق,شقائق,محجوب,1,36,,False
412,زوج، جدة، بنت، شقائق، شقيق,شقيق,عصبة,2,36,,False
413,زوجة، جدة، بنت، شقائق,زوجة,1/8,3,24,,False
413,زوجة، جدة، بنت، شقائق,جدة,1/6,4,24,,False
413,زوجة، جدة، بنت، شقائق,بنت,1/2,12,24,,False
413,زوجة، جدة، بنت، شقائق,شقائق,عصبة,5,24,,False
414,زوجة، جدة، بنت، شقائق، شقيق,زوجة,1/8,9,72,,False
414,زوجة، جدة، بنت، شقائق، شقيق,جدة,1/6,12,72,,False
414,زوجة، جدة، بنت، شقائق، شقيق,بنت,1/2,36,72,,False
414,زوجة، جدة، بنت، شقائق، شقيق,شقائق,محجوب,5,72,,False
414,زوجة، جدة، بنت، شقائق، شقيق,شقيق,عصبة,10,72,,False
415,زوج، أم، بنت، شقائق، جد,زوج,1/4,3,13,عالت المسألة,False
415,زوج، أم، بنت، شقائق، جد,أم,1/6,2,13,عالت المسألة,False
415,زوج، أم، بنت، شقائق، جد,بنت,1/2,6,13,عالت المسألة,False
415,زوج، أم، بنت، شقائق، جد,شقائق,محجوب,0,13,عالت المسألة,False
415,زوج، أم، بنت، شقائق، جد,جد,1/6,2,13,عالت المسألة,False
416,زوج، أم، بنت، جد، شقائق، شقيق,زوج,1/4,3,13,عالت المسألة,False
416,زوج، أم، بنت، جد، شقائق، شقيق,أم,1/6,2,13,عالت المسألة,False
416,زوج، أم، بنت، جد، شقائق، شقيق,بنت,1/2,6,13,عالت المسألة,False
416,زوج، أم، بنت، جد، شقائق، شقيق,جد,1/6,2,13,عالت المسألة,False
416,زوج، أم، بنت، جد، شقائق، شقيق,شقائق,محجوب,0,13,عالت المسألة,False
416,زوج، أم، بنت، جد، شقائق، شقيق,شقيق,محجوب,0,13,عالت المسألة,False
417,زوجة، أم، بنت، شقائق، جد,زوجة,1/8,3,24,,False
417,زوجة، أم، بنت، شقائق، جد,أم,1/6,4,24,,False
417,زوجة، أم، بنت، شقائق، جد,بنت,1/2,12,24,,False
417,زوجة، أم، بنت، شقائق، جد,شقائق,محجوب,0,24,,False
417,زوجة، أم، بنت، شقائق، جد,جد,1/6,5,24,,False
418,زوجة، أم، جد، بنت، شقائق، شقيق,زوجة,1/8,3,24,,False
418,زوجة، أم، جد، بنت، شقائق، شقيق,أم,1/6,4,24,,False
418,زوجة، أم، جد، بنت، شقائق، شقيق,جد,1/6,5,24,,False
418,زوجة، أم، جد، بنت، شقائق، شقيق,بنت,1/2,12,24,,False
418,زوجة، أم، جد، بنت، شقائق، شقيق,شقائق,محجوب,0,24,,False
418,زوجة، أم، جد، بنت، شقائق، شقيق,شقيق,محجوب,0,24,,False
419,زوج، جدة، بنت، شقائق، جد,زوج,1/4,3,13,عالت المسألة,False
419,زوج، جدة، بنت، شقائق، جد,جدة,1/6,2,13,عالت المسألة,False
419,زوج، جدة، بنت، شقائق، جد,بنت,1/2,6,13,عالت المسألة,False
419,زوج، جدة، بنت، شقائق، جد,شقائق,محجوب,0,13,عالت المسألة,False
419,زوج، جدة، بنت، شقائق، جد,جد,1/6,2,13,عالت المسألة,False
420,زوج، جدة، جد، بنت، شقائق، شقيق,زوج,1/4,3,13,عالت المسألة,False
420,زوج، جدة، جد، بنت، شقائق، شقيق,جدة,1/6,2,13,عالت المسألة,False
420,زوج، جدة، جد، بنت، شقائق، شقيق,جد,1/6,2,13,عالت المسألة,False
420,زوج، جدة، جد، بنت، شقائق، شقيق,بنت,1/2,6,13,عالت المسألة,False
420,زوج، جدة، جد، بنت، شقائق، شقيق,شقائق,محجوب,0,13,عالت المسألة,False
420,زوج، جدة، جد، بنت، شقائق، شقيق,شقيق,محجوب,0,13,عالت المسألة,False
421,زوجة، جدة، بنت، شقائق، جد,زوجة,1/8,3,24,,False
421,زوجة، جدة، بنت، شقائق، جد,جدة,1/6,4,24,,False
421,زوجة، جدة، بنت، شقائق، جد,بنت,1/2,12,24,,False
421,زوجة، جدة، بنت، شقائق، جد,شقائق,محجوب,0,24,,False
421,زوجة، جدة، بنت، شقائق، جد,جد,1/6,5,24,,False
422,زوجة، جدة، جد، بنت، شقائق، شقيق,زوجة,1/8,3,24,,False
422,زوجة، جدة، جد، بنت، شقائق، شقيق,جدة,1/6,4,24,,False
422,زوجة، جدة، جد، بنت، شقائق، شقيق,جد,1/6,5,24,,False
422,زوجة، جدة، جد، بنت، شقائق، شقيق,بنت,1/2,12,24,,False
422,زوجة، جدة، جد، بنت، شقائق، شقيق,شقائق,محجوب,0,24,,False
422,زوجة، جدة، جد، بنت، شقائق، شقيق,شقيق,محجوب,0,24,,False
424,أخت لأب، عم,أخت لأب,1/2,1,2,,False
424,أخت لأب، عم,عم,عصبة,1,2,,False
425,أخت لأب، أخ لأب,أخت لأب,1/2,1,3,,False
425,أخت لأب، أخ لأب,أخ لأب,عصبة,2,3,,False
426,زوج، أخت لأب، عم,زوج,1/2,1,2,,False
426,زوج، أخت لأب، عم,أخت لأب,1/2,1,2,,False
426,زوج، أخت لأب، عم,عم,عصبة,0,2,,False
427,زوجة، أخت لأب، عم,زوجة,1/4,1,4,,False
427,زوجة، أخت لأب، عم,أخت لأب,1/2,2,4,,False
427,زوجة، أخت لأب، عم,عم,عصبة,1,4,,False
428,زوج، أخت لأب، أخ لأب,زوج,1/2,3,6,,False
428,زوج، أخت لأب، أخ لأب,أخت لأب,1/2,1,6,,False
428,زوج، أخت لأب، أخ لأب,أخ لأب,عصبة,2,6,,False
429,زوجة، أخت لأب، أخ لأب,زوجة,1/4,1,4,,False
429,زوجة، أخت لأب، أخ لأب,أخت لأب,1/2,1,4,,False
429,زوجة، أخت لأب، أخ لأب,أخ لأب,عصبة,2,4,,False
430,أخت لأب، أم، عم,أخت لأب,1/2,3,6,,False
430,أخت لأب، أم، عم,أم,1/3,2,6,,False
430,أخت لأب، أم، عم,عم,عصبة,1,6,,False
431,أخت لأب، أم، أخ لأب,أخت لأب,1/2,5,18,,False
431,أخت لأب، أم، أخ لأب,أم,1/6,3,18,,False
431,أخت لأب، أم، أخ لأب,أخ لأب,عصبة,10,18,,False
432,أخت لأب، جد,أخت لأب,محجوب,0,1,,False
432,أخت لأب، جد,جد,عصبة,1,1,,False
433,أخت لأب، جد، أخ لأب,أخت لأب,محجوب,0,1,,False
433,أخت لأب، جد، أخ لأب,جد,عصبة,1,1,,False
433,أخت لأب، جد، أخ لأب,أخ لأب,محجوب,0,1,,False
434,أخت لأب، جدة، عم,أخت لأب,1/2,3,6,,False
434,أخت لأب، جدة، عم,جدة,1/6,1,6,,False
434,أخت لأب، جدة، عم,عم,عصبة,2,6,,False
435,أخت لأب، جدة، أخ لأب,أخت لأب,1/2,5,18,,False
435,أخت لأب، جدة، أخ لأب,جدة,1/6,3,18,,False
435,أخت لأب، جدة، أخ لأب,أخ لأب,عصبة,10,18,,False
436,زوج، أم، أخت لأب، عم,زوج,1/2,3,8,عالت المسألة,False
436,زوج، أم، أخت لأب، عم,أم,1/3,2,8,عالت المسألة,False
436,زوج، أم، أخت لأب، عم,أخت لأب,1/2,3,8,عالت المسألة,False
436,زوج، أم، أخت لأب، عم,عم,عصبة,0,8,عالت المسألة,False
437,زوج، أم، أخت لأب، أخ لأب,زوج,1/2,9,18,,False
437,زوج، أم، أخت لأب، أخ لأب,أم,1/6,3,18,,False
437,زوج، أم، أخت لأب، أخ لأب,أخت لأب,1/2,2,18,,False
437,زوج، أم، أخت لأب، أخ لأب,أخ لأب,عصبة,4,18,,False
438,زوجة، أم، أخت لأب، عم,زوجة,1/4,3,13,عالت المسألة,False
438,زوجة، أم، أخت لأب، عم,أم,1/3,4,13,عالت المسألة,False
438,زوجة، أم، أخت لأب، عم,أخت لأب,1/2,6,13,عالت المسألة,False
438,زوجة، أم، أخت لأب، عم,عم,عصبة,0,13,عالت المسألة,False
439,زوجة، أم، أخت لأب، أخ لأب,زوجة,1/4,9,36,,False
439,زوجة، أم، أخت لأب، أخ لأب,أم,1/6,6,36,,False
439,زوجة، أم، أخت لأب، أخ لأب,أخت لأب,1/2,7,36,,False
439,زوجة، أم، أخت لأب، أخ لأب,أخ لأب,عصبة,14,36,,False
440,زوج، أخت لأب، جد,زوج,1/2,1,2,,False
440,زوج، أخت لأب، جد,أخت لأب,محجوب,0,2,,False
440,زوج، أخت لأب، جد,جد,عصبة,1,2,,False
441,زوج، جد، أخت لأب، أخ لأب,زوج,1/2,1,2,,False
441,زوج، جد، أخت لأب، أخ لأب,جد,عصبة,1,2,,False
441,زوج، جد، أخت لأب، أخ لأب,أخت لأب,محجوب,0,2,,False
441,زوج، جد، أخت لأب، أخ لأب,أخ لأب,محجوب,0,2,,False
442,زوجة، أخت لأب، جد,زوجة,1/4,1,4,,False
442,زوجة، أخت لأب، جد,أخت لأب,محجوب,0,4,,False
442,زوجة، أخت لأب، جد,جد,عصبة,3,4,,False
443,زوجة، جد، أخت لأب، أخ لأب,زوجة,1/4,1,4,,False
443,زوجة، جد، أخت لأب، أخ لأب,جد,عصبة,3,4,,False
443,زوجة، جد، أخت لأب، أخ لأب,أخت لأب,محجوب,0,4,,False
443,زوجة، جد، أخت لأب، أخ لأب,أخ لأب,محجوب,0,4,,False
444,زوج، جدة، أخت لأب، عم,زوج,1/2,3,7,عالت المسألة,False
444,زوج، جدة، أخت لأب، عم,جدة,1/6,1,7,عالت المسألة,False
444,زوج، جدة، أخت لأب، عم,أخت لأب,1/2,3,7,عالت المسألة,False
444,زوج، جدة، أخت لأب، عم,عم,عصبة,0,7,عالت المسألة,False
445,زوج، جدة، أخت لأب، أخ لأب,زوج,1/2,9,18,,False
445,زوج، جدة، أخت لأب، أخ لأب,جدة,1/6,3,18,,False
445,زوج، جدة، أخت لأب، أخ لأب,أخت لأب,1/2,2,18,,False
445,زوج، جدة، أخت لأب، أخ لأب,أخ لأب,عصبة,4,18,,False
446,زوجة، جدة، أخت لأب، عم,زوجة,1/4,3,12,,False
446,زوجة، جدة، أخت لأب، عم,جدة,1/6,2,12,,False
446,زوجة، جدة، أخت لأب، عم,أخت لأب,1/2,6,12,,False
446,زوجة، جدة، أخت لأب، عم,عم,عصبة,1,12,,False
447,زوجة، جدة، أخت لأب، أخ لأب,زوجة,1/4,9,36,,False
447,زوجة، جدة، أخت لأب، أخ لأب,جدة,1/6,6,36,,False
447,زوجة، جدة، أخت لأب، أخ لأب,أخت لأب,1/2,7,36,,False
447,زوجة، جدة، أخت لأب، أخ لأب,أخ لأب,عصبة,14,36,,False
448,زوج، أم، أخت لأب، جد,زوج,1/2,3,6,,False
448,زوج، أم، أخت لأب، جد,أم,1/3,2,6,,False
448,زوج، أم، أخت لأب، جد,أخت لأب,محجوب,0,6,,False
448,زوج، أم، أخت لأب، جد,جد,عصبة,1,6,,False
449,زوج، أم، جد، أخت لأب، أخ لأب,زوج,1/2,3,6,,False
449,زوج، أم، جد، أخت لأب، أخ لأب,أم,1/6,1,6,,False
449,زوج، أم، جد، أخت لأب، أخ لأب,جد,عصبة,2,6,,False
449,زوج، أم، جد، أخت لأب، أخ لأب,أخت لأب,محجوب,0,6,,False
449,زوج، أم، جد، أخت لأب، أخ لأب,أخ لأب,محجوب,0,6,,False
450,زوجة، أم، أخت لأب، جد,زوجة,1/4,3,12,,False
450,زوجة، أم، أخت لأب، جد,أم,1/3,4,12,,False
450,زوجة، أم، أخت لأب، جد,أخت لأب,محجوب,0,12,,False
450,زوجة، أم، أخت لأب، جد,جد,عصبة,5,12,,False
451,زوجة، أم، جد، أخت لأب، أخ لأب,زوجة,1/4,3,12,,False
451,زوجة، أم، جد، أخت لأب، أخ لأب,أم,1/6,2,12,,False
451,زوجة، أم، جد، أخت لأب، أخ لأب,جد,عصبة,7,12,,False
451,زوجة، أم، جد، أخت لأب، أخ لأب,أخت لأب,محجوب,0,12,,False
451,زوجة، أم، جد، أخت لأب، أخ لأب,أخ لأب,محجوب,0,12,,False
452,زوج، جدة، أخت لأب، جد,زوج,1/2,3,6,,False
452,زوج، جدة، أخت لأب، جد,جدة,1/6,1,6,,False
452,زوج، جدة، أخت لأب، جد,أخت لأب,محجوب,0,6,,False
452,زوج، جدة، أخت لأب، جد,جد,عصبة,2,6,,False
453,زوج، جدة، جد، أخت لأب، أخ لأب,زوج,1/2,3,6,,False
453,زوج، جدة، جد، أخت لأب، أخ لأب,جدة,1/6,1,6,,False
453,زوج، جدة، جد، أخت لأب، أخ لأب,جد,عصبة,2,6,,False
453,زوج، جدة، جد، أخت لأب، أخ لأب,أخت لأب,محجوب,0,6,,False
453,زوج، جدة، جد، أخت لأب، أخ لأب,أخ لأب,محجوب,0,6,,False
454,زوجة، جدة، أخت لأب، جد,زوجة,1/4,3,12,,False
454,زوجة، جدة، أخت لأب، جد,جدة,1/6,2,12,,False
454,زوجة، جدة، أخت لأب، جد,أخت لأب,محجوب,0,12,,False
454,زوجة، جدة، أخت لأب، جد,جد,عصبة,7,12,,False
455,زوجة، جدة، جد، أخت لأب، أخ لأب,زوجة,1/4,3,12,,False
455,زوجة، جدة، جد، أخت لأب، أخ لأب,جدة,1/6,2,12,,False
455,زوجة، جدة، جد، أخت لأب، أخ لأب,جد,عصبة,7,12,,False
455,زوجة، جدة، جد، أخت لأب، أخ لأب,أخت لأب,محجوب,0,12,,False
455,زوجة، جدة، جد، أخت لأب، أخ لأب,أخ لأب,محجوب,0,12,,False
456,أخوات لأب، عم,أخوات لأب,2/3,2,3,,False
456,أخوات لأب، عم,عم,عصبة,1,3,,False
457,أخوات لأب، أخ لأب,أخوات لأب,2/3,1,3,,False
457,أخوات لأب، أخ لأب,أخ لأب,عصبة,2,3,,False
458,زوج، أخوات لأب، عم,زوج,1/2,3,7,عالت المسألة,False
458,زوج، أخوات لأب، عم,أخوات لأب,2/3,4,7,عالت المسألة,False
458,زوج، أخوات لأب، عم,عم,عصبة,0,7,عالت المسألة,False
459,زوجة، أخوات لأب، عم,زوجة,1/4,3,12,,False
459,زوجة، أخوات لأب، عم,أخوات لأب,2/3,8,12,,False
459,زوجة، أخوات لأب، عم,عم,عصبة,1,12,,False
460,زوج، أخوات لأب، أخ لأب,زوج,1/2,3,6,,False
460,زوج، أخوات لأب، أخ لأب,أخوات لأب,2/3,1,6,,False
460,زوج، أخوات لأب، أخ لأب,أخ لأب,عصبة,2,6,,False
461,زوجة، أخوات لأب، أخ لأب,زوجة,1/4,1,4,,False
461,زوجة، أخوات لأب، أخ لأب,أخوات لأب,2/3,1,4,,False
461,زوجة، أخوات لأب، أخ لأب,أخ لأب,عصبة,2,4,,False
462,أخوات لأب، أم، عم,أخوات لأب,2/3,2,3,,False
462,أخوات لأب، أم، عم,أم,1/3,1,3,,False
462,أخوات لأب، أم، عم,عم,عصبة,0,3,,False
463,أخوات لأب، أم، أخ لأب,أخوات لأب,2/3,5,18,,False
463,أخوات لأب، أم، أخ لأب,أم,1/6,3,18,,False
463,أخوات لأب، أم، أخ لأب,أخ لأب,عصبة,10,18,,False
464,أخوات لأب، جد,أخوات لأب,محجوب,0,1,,False
464,أخوات لأب، جد,جد,عصبة,1,1,,False
465,أخوات لأب، جد، أخ لأب,أخوات لأب,محجوب,0,1,,False
465,أخوات لأب، جد، أخ لأب,جد,عصبة,1,1,,False
465,أخوات لأب، جد، أخ لأب,أخ لأب,محجوب,0,1,,False
466,أخوات لأب، جدة، عم,أخوات لأب,2/3,4,6,,False
466,أخوات لأب، جدة، عم,جدة,1/6,1,6,,False
466,أخوات لأب، جدة، عم,عم,عصبة,1,6,,False
467,أخوات لأب، جدة، أخ لأب,أخوات لأب,2/3,5,18,,False
467,أخوات لأب، جدة، أخ لأب,جدة,1/6,3,18,,False
467,أخوات لأب، جدة، أخ لأب,أخ لأب,عصبة,10,18,,False
468,زوج، أب، أخوات لأب، أخ لأب,زوج,1/2,1,2,,False
468,زوج، أب، أخوات لأب، أخ لأب,أب,عصبة,1,2,,False
468,زوج، أب، أخوات لأب، أخ لأب,أخوات لأب,محجوب,0,2,,False
468,زوج، أب، أخوات لأب، أخ لأب,أخ لأب,محجوب,0,2,,False
469,زوج، أم، أخوات لأب، عم,زوج,1/2,3,9,عالت المسألة,False
469,زوج، أم، أخوات لأب، عم,أم,1/3,2,9,عالت المسألة,False
469,زوج، أم، أخوات لأب، عم,أخوات لأب,2/3,4,9,عالت المسألة,False
469,زوج، أم، أخوات لأب، عم,عم,عصبة,0,9,عالت المسألة,False
470,زوج، أم، أخوات لأب، أخ لأب,زوج,1/2,9,18,,False
470,زوج، أم، أخوات لأب، أخ لأب,أم,1/6,3,18,,False
470,زوج، أم، أخوات لأب، أخ لأب,أخوات لأب,2/3,2,18,,False
470,زوج، أم، أخوات لأب، أخ لأب,أخ لأب,عصبة,4,18,,False
471,زوجة، أم، أخوات لأب، عم,زوجة,1/4,3,15,عالت المسألة,False
471,زوجة، أم، أخوات لأب، عم,أم,1/3,4,15,عالت المسألة,False
471,زوجة، أم، أخوات لأب، عم,أخوات لأب,2/3,8,15,عالت المسألة,False
471,زوجة، أم، أخوات لأب، عم,عم,عصبة,0,15,عالت المسألة,False
472,زوجة، أم، أخوات لأب، أخ لأب,زوجة,1/4,9,36,,False
472,زوجة، أم، أخوات لأب، أخ لأب,أم,1/6,6,36,,False
472,زوجة، أم، أخوات لأب، أخ لأب,أخوات لأب,2/3,7,36,,False
472,زوجة، أم، أخوات لأب، أخ لأب,أخ لأب,عصبة,14,36,,False
473,زوج، أخوات لأب، جد,زوج,1/2,1,2,,False
473,زوج، أخوات لأب، جد,أخوات لأب,محجوب,0,2,,False
473,زوج، أخوات لأب، جد,جد,عصبة,1,2,,False
474,زوج، جد، أخوات لأب، أخ لأب,زوج,1/2,1,2,,False
474,زوج، جد، أخوات لأب، أخ لأب,جد,عصبة,1,2,,False
474,زوج، جد، أخوات لأب، أخ لأب,أخوات لأب,محجوب,0,2,,False
474,زوج، جد، أخوات لأب، أخ لأب,أخ لأب,محجوب,0,2,,False
475,زوجة، أخوات لأب، جد,زوجة,1/4,1,4,,False
475,زوجة، أخوات لأب، جد,أخوات لأب,محجوب,0,4,,False
475,زوجة، أخوات لأب، جد,جد,عصبة,3,4,,False
476,زوجة، جد، أخوات لأب، أخ لأب,زوجة,1/4,1,4,,False
476,زوجة، جد، أخوات لأب، أخ لأب,جد,عصبة,3,4,,False
476,زوجة، جد، أخوات لأب، أخ لأب,أخوات لأب,محجوب,0,4,,False
476,زوجة، جد، أخوات لأب، أخ لأب,أخ لأب,محجوب,0,4,,False
477,زوج، جدة، أخوات لأب، عم,زوج,1/2,3,8,عالت المسألة,False
477,زوج، جدة، أخوات لأب، عم,جدة,1/6,1,8,عالت المسألة,False
477,زوج، جدة، أخوات لأب، عم,أخوات لأب,2/3,4,8,عالت المسألة,False
477,زوج، جدة، أخوات لأب، عم,عم,عصبة,0,8,عالت المسألة,False
478,زوج، جدة، أخوات لأب، أخ لأب,زوج,1/2,9,18,,False
478,زوج، جدة، أخوات لأب، أخ لأب,جدة,1/6,3,18,,False
478,زوج، جدة، أخوات لأب، أخ لأب,أخوات لأب,2/3,2,18,,False
478,زوج، جدة، أخوات لأب، أخ لأب,أخ لأب,عصبة,4,18,,False
479,زوجة، جدة، أخوات لأب، عم,زوجة,1/4,3,13,عالت المسألة,False
479,زوجة، جدة، أخوات لأب، عم,جدة,1/6,2,13,عالت المسألة,False
479,زوجة، جدة، أخوات لأب، عم,أخوات لأب,2/3,8,13,عالت المسألة,False
479,زوجة، جدة، أخوات لأب، عم,عم,عصبة,0,13,عالت المسألة,False
480,زوجة، جدة، أخوات لأب، أخ لأب,زوجة,1/4,9,36,,False
480,زوجة، جدة، أخوات لأب، أخ لأب,جدة,1/6,6,36,,False
480,زوجة، جدة، أخوات لأب، أخ لأب,أخوات لأب,2/3,7,36,,False
480,زوجة، جدة، أخوات لأب، أخ لأب,أخ لأب,عصبة,14,36,,False
481,زوج، أم، أب، أخوات لأب، أخ لأب,زوج,1/2,3,6,,False
481,زوج، أم، أب، أخوات لأب، أخ لأب,أم,1/3 الباقي,1,6,,False
481,زوج، أم، أب، أخوات لأب، أخ لأب,أب,عصبة,2,6,,False
481,زوج، أم، أب، أخوات لأب، أخ لأب,أخوات لأب,محجوب,0,6,,False
481,زوج، أم، أب، أخوات لأب، أخ لأب,أخ لأب,محجوب,0,6,,False
482,زوجة، أم، أب، أخوات لأب، أخ لأب,زوجة,1/4,1,4,,False
482,زوجة، أم، أب، أخوات لأب، أخ لأب,أم,1/3 الباقي,1,4,,False
482,زوجة، أم، أب، أخوات لأب، أخ لأب,أب,عصبة,2,4,,False
482,زوجة، أم، أب، أخوات لأب، أخ لأب,أخوات لأب,محجوب,0,4,,False
482,زوجة، أم، أب، أخوات لأب، أخ لأب,أخ لأب,محجوب,0,4,,False
483,زوج، أم، أخوات لأب، جد,زوج,1/2,3,6,,False
483,زوج، أم، أخوات لأب، جد,أم,1/3,2,6,,False
483,زوج، أم، أخوات لأب، جد,أخوات لأب,محجوب,0,6,,False
483,زوج، أم، أخوات لأب، جد,جد,عصبة,1,6,,False
484,زوج، أم، جد، أخوات لأب، أخ لأب,زوج,1/2,3,6,,False
484,زوج، أم، جد، أخوات لأب، أخ لأب,أم,1/6,1,6,,False
484,زوج، أم، جد، أخوات لأب، أخ لأب,جد,عصبة,2,6,,False
484,زوج، أم، جد، أخوات لأب، أخ لأب,أخوات لأب,محجوب,0,6,,False
484,زوج، أم، جد، أخوات لأب، أخ لأب,أخ لأب,محجوب,0,6,,False
485,زوجة، أم، أخوات لأب، جد,زوجة,1/4,3,12,,False
485,زوجة، أم، أخوات لأب، جد,أم,1/3,4,12,,False
485,زوجة، أم، أخوات لأب، جد,أخوات لأب,محجوب,0,12,,False
485,زوجة، أم، أخوات لأب، جد,جد,عصبة,5,12,,False
486,زوجة، أم، جد، أخوات لأب، أخ لأب,زوجة,1/4,3,12,,False
486,زوجة، أم، جد، أخوات لأب، أخ لأب,أم,1/6,2,12,,False
486,زوجة، أم، جد، أخوات لأب، أخ لأب,جد,عصبة,7,12,,False
486,زوجة، أم، جد، أخوات لأب، أخ لأب,أخوات لأب,محجوب,0,12,,False
486,زوجة، أم، جد، أخوات لأب، أخ لأب,أخ لأب,محجوب,0,12,,False
487,زوج، جدة، أب، أخوات لأب، أخ لأب,زوج,1/2,3,6,,False
487,زوج، جدة، أب، أخوات لأب، أخ لأب,جدة,1/6,1,6,,False
487,زوج، جدة، أب، أخوات لأب، أخ لأب,أب,عصبة,2,6,,False
487,زوج، جدة، أب، أخوات لأب، أخ لأب,أخوات لأب,محجوب,0,6,,False
487,زوج، جدة، أب، أخوات لأب، أخ لأب,أخ لأب,محجوب,0,6,,False
488,زوجة، جدة، أب، أخوات لأب، أخ لأب,زوجة,1/4,3,12,,False
488,زوجة، جدة، أب، أخوات لأب، أخ لأب,جدة,1/6,2,12,,False
488,زوجة، جدة، أب، أخوات لأب، أخ لأب,أب,عصبة,7,12,,False
488,زوجة، جدة، أب، أخوات لأب، أخ لأب,أخوات لأب,محجوب,0,12,,False
488,زوجة، جدة، أب، أخوات لأب، أخ لأب,أخ لأب,محجوب,0,12,,False
489,زوج، جدة، أخوات لأب، جد,زوج,1/2,3,6,,False
489,زوج، جدة، أخوات لأب، جد,جدة,1/6,1,6,,False
489,زوج، جدة، أخوات لأب، جد,أخوات لأب,محجوب,0,6,,False
489,زوج، جدة، أخوات لأب، جد,جد,عصبة,2,6,,False
490,زوج، جدة، جد، أخوات لأب، أخ لأب,زوج,1/2,3,6,,False
490,زوج، جدة، جد، أخوات لأب، أخ لأب,جدة,1/6,1,6,,False
490,زوج، جدة، جد، أخوات لأب، أخ لأب,جد,عصبة,2,6,,False
490,زوج، جدة، جد، أخوات لأب، أخ لأب,أخوات لأب,محجوب,0,6,,False
490,زوج، جدة، جد، أخوات لأب، أخ لأب,أخ لأب,محجوب,0,6,,False
491,زوجة، جدة، أخوات لأب، جد,زوجة,1/4,3,12,,False
491,زوجة، جدة، أخوات لأب، جد,جدة,1/6,2,12,,False
491,زوجة، جدة، أخوات لأب، جد,أخوات لأب,محجوب,0,12,,False
491,زوجة، جدة، أخوات لأب، جد,جد,عصبة,7,12,,False
492,زوجة، جدة، جد، أخوات لأب، أخ لأب,زوجة,1/4,3,12,,False
492,زوجة، جدة، جد، أخوات لأب، أخ لأب,جدة,1/6,2,12,,False
492,زوجة، جدة، جد، أخوات لأب، أخ لأب,جد,عصبة,7,12,,False
492,زوجة، جدة، جد، أخوات لأب، أخ لأب,أخوات لأب,محجوب,0,12,,False
492,زوجة، جدة، جد، أخوات لأب، أخ لأب,أخ لأب,محجوب,0,12,,False
493,بنت، أخوات لأب,بنت,1/2,1,2,,False
493,بنت، أخوات لأب,أخوات لأب,عصبة,1,2,,False
494,بنت، أخوات لأب، أخ لأب,بنت,1/2,3,6,,False
494,بنت، أخوات لأب، أخ لأب,أخوات لأب,عصبة,1,6,,False
494,بنت، أخوات لأب، أخ لأب,أخ لأب,عصبة,2,6,,False
495,زوج، بنت، أخوات لأب,زوج,1/4,1,4,,False
495,زوج، بنت، أخوات لأب,بنت,1/2,2,4,,False
495,زوج، بنت، أخوات لأب,أخوات لأب,عصبة,1,4,,False
496,زوجة، بنت، أخوات لأب,زوجة,1/8,1,8,,False
496,زوجة، بنت، أخوات لأب,بنت,1/2,4,8,,False
496,زوجة، بنت، أخوات لأب,أخوات لأب,عصبة,3,8,,False
497,زوج، بنت، أخوات لأب، أخ لأب,زوج,1/4,3,12,,False
497,زوج، بنت، أخوات لأب، أخ لأب,بنت,1/2,6,12,,False
497,زوج، بنت، أخوات لأب، أخ لأب,أخوات لأب,عصبة,1,12,,False
497,زوج، بنت، أخوات لأب، أخ لأب,أخ لأب,عصبة,2,12,,False
498,زوجة، بنت، أخوات لأب، أخ لأب,زوجة,1/8,1,8,,False
498,زوجة، بنت، أخوات لأب، أخ لأب,بنت,1/2,4,8,,False
498,زوجة، بنت، أخوات لأب، أخ لأب,أخوات لأب,عصبة,1,8,,False
498,زوجة، بنت، أخوات لأب، أخ لأب,أخ لأب,عصبة,2,8,,False
499,أخوات لأب، بنت، أم,أخوات لأب,عصبة,2,6,,False
499,أخوات لأب، بنت، أم,بنت,1/2,3,6,,False
499,أخوات لأب، بنت، أم,أم,1/6,1,6,,False
500,بنت، أخوات لأب، أم، أخ لأب,بنت,1/2,9,18,,False
500,بنت، أخوات لأب، أم، أخ لأب,أخوات لأب,عصبة,2,18,,False
500,بنت، أخوات لأب، أم، أخ لأب,أم,1/6,3,18,,False
500,بنت، أخوات لأب، أم، أخ لأب,أخ لأب,عصبة,4,18,,False
501,بنت، أخوات لأب، جد,بنت,1/2,1,2,,False
501,بنت، أخوات لأب، جد,أخوات لأب,محجوب,0,2,,False
501,بنت، أخوات لأب، جد,جد,1/6,1,2,,False
502,بنت، أخوات لأب، جد، أخ لأب,بنت,1/2,1,2,,False
502,بنت، أخوات لأب، جد، أخ لأب,أخوات لأب,محجوب,0,2,,False
502,بنت، أخوات لأب، جد، أخ لأب,جد,1/6,1,2,,False
502,بنت، أخوات لأب، جد، أخ لأب,أخ لأب,محجوب,0,2,,False
503,بنت، أخوات لأب، جدة,بنت,1/2,3,6,,False
503,بنت، أخوات لأب، جدة,أخوات لأب,عصبة,2,6,,False
503,بنت، أخوات لأب، جدة,جدة,1/6,1,6,,False
504,بنت، أخوات لأب، جدة، أخ لأب,بنت,1/2,9,18,,False
504,بنت، أخوات لأب، جدة، أخ لأب,أخوات لأب,عصبة,2,18,,False
504,بنت، أخوات لأب، جدة، أخ لأب,جدة,1/6,3,18,,False
504,بنت، أخوات لأب، جدة، أخ لأب,أخ لأب,عصبة,4,18,,False
505,زوج، أم، بنت، أخوات لأب,زوج,1/4,3,12,,False
505,زوج، أم، بنت، أخوات لأب,أم,1/6,2,12,,False
505,زوج، أم، بنت، أخوات لأب,بنت,1/2,6,12,,False
505,زوج، أم، بنت، أخوات لأب,أخوات لأب,عصبة,1,12,,False
506,زوج، أم، بنت، أخوات لأب، أخ لأب,زوج,1/4,9,36,,False
506,زوج، أم، بنت، أخوات لأب، أخ لأب,أم,1/6,6,36,,False
506,زوج، أم، بنت، أخوات لأب، أخ لأب,بنت,1/2,18,36,,False
506,زوج، أم، بنت، أخوات لأب، أخ لأب,أخوات لأب,عصبة,1,36,,False
506,زوج، أم، بنت، أخوات لأب، أخ لأب,أخ لأب,عصبة,2,36,,False
507,زوجة، أم، بنت، أخوات لأب,زوجة,1/8,3,24,,False
507,زوجة، أم، بنت، أخوات لأب,أم,1/6,4,24,,False
507,زوجة، أم، بنت، أخوات لأب,بنت,1/2,12,24,,False
507,زوجة، أم، بنت، أخوات لأب,أخوات لأب,عصبة,5,24,,False
508,زوجة، أم، بنت، أخوات لأب، أخ لأب,زوجة,1/8,9,72,,False
508,زوجة، أم، بنت، أخوات لأب، أخ لأب,أم,1/6,12,72,,False
508,زوجة، أم، بنت، أخوات لأب، أخ لأب,بنت,1/2,36,72,,False
508,زوجة، أم، بنت، أخوات لأب، أخ لأب,أخوات لأب,عصبة,5,72,,False
508,زوجة، أم، بنت، أخوات لأب، أخ لأب,أخ لأب,عصبة,10,72,,False
509,زوج، بنت، أخوات لأب، جد,زوج,1/4,1,4,,False
509,زوج، بنت، أخوات لأب، جد,بنت,1/2,2,4,,False
509,زوج، بنت، أخوات لأب، جد,أخوات لأب,محجوب,0,4,,False
509,زوج، بنت، أخوات لأب، جد,جد,1/6,1,4,,False
510,زوج، جد، بنت، أخوات لأب، أخ لأب,زوج,1/4,1,4,,False
510,زوج، جد، بنت، أخوات لأب، أخ لأب,جد,1/6,1,4,,False
510,زوج، جد، بنت، أخوات لأب، أخ لأب,بنت,1/2,2,4,,False
510,زوج، جد، بنت، أخوات لأب، أخ لأب,أخوات لأب,محجوب,0,4,,False
510,زوج، جد، بنت، أخوات لأب، أخ لأب,أخ لأب,محجوب,0,4,,False
511,زوجة، بنت، أخوات لأب، جد,زوجة,1/8,1,8,,False
511,زوجة، بنت، أخوات لأب، جد,بنت,1/2,4,8,,False
511,زوجة، بنت، أخوات لأب، جد,أخوات لأب,محجوب,0,8,,False
511,زوجة، بنت، أخوات لأب، جد,جد,1/6,3,8,,False
512,زوجة، جد، بنت، أخوات لأب، أخ لأب,زوجة,1/8,1,8,,False
512,زوجة، جد، بنت، أخوات لأب، أخ لأب,جد,1/6,3,8,,False
512,زوجة، جد، بنت، أخوات لأب، أخ لأب,بنت,1/2,4,8,,False
512,زوجة، جد، بنت، أخوات لأب، أخ لأب,أخوات لأب,محجوب,0,8,,False
512,زوجة، جد، بنت، أخوات لأب، أخ لأب,أخ لأب,محجوب,0,8,,False
513,زوج، جدة، بنت، أخوات لأب، عم,زوج,1/4,3,12,,False
513,زوج، جدة، بنت، أخوات لأب، عم,جدة,1/6,2,12,,False
513,زوج، جدة، بنت، أخوات لأب، عم,بنت,1/2,6,12,,False
513,زوج، جدة، بنت، أخوات لأب، عم,أخوات لأب,عصبة,1,12,,False
513,زوج، جدة، بنت، أخوات لأب، عم,عم,عصبة,0,12,,False
514,زوج، جدة، بنت، أخوات لأب، أخ لأب,زوج,1/4,9,36,,False
514,زوج، جدة، بنت، أخوات لأب، أخ لأب,جدة,1/6,6,36,,False
514,زوج، جدة، بنت، أخوات لأب، أخ لأب,بنت,1/2,18,36,,False
514,زوج، جدة، بنت، أخوات لأب، أخ لأب,أخوات لأب,عصبة,1,36,,False
514,زوج، جدة، بنت، أخوات لأب، أخ لأب,أخ لأب,عصبة,2,36,,False
515,زوجة، جدة، بنت، أخوات لأب,زوجة,1/8,3,24,,False
515,زوجة، جدة، بنت، أخوات لأب,جدة,1/6,4,24,,False
515,زوجة، جدة، بنت، أخوات لأب,بنت,1/2,12,24,,False
515,زوجة، جدة، بنت، أخوات لأب,أخوات لأب,عصبة,5,24,,False
516,زوجة، جدة، بنت، أخوات لأب، أخ لأب,زوجة,1/8,9,72,,False
516,زوجة، جدة، بنت، أخوات لأب، أخ لأب,جدة,1/6,12,72,,False
516,زوجة، جدة، بنت، أخوات لأب، أخ لأب,بنت,1/2,36,72,,False
516,زوجة، جدة، بنت، أخوات لأب، أخ لأب,أخوات لأب,عصبة,5,72,,False
516,زوجة، جدة، بنت، أخوات لأب، أخ لأب,أخ لأب,عصبة,10,72,,False
517,زوج، أم، بنت، أخوات لأب، جد,زوج,1/4,3,13,عالت المسألة,False
517,زوج، أم، بنت، أخوات لأب، جد,أم,1/6,2,13,عالت المسألة,False
517,زوج، أم، بنت، أخوات لأب، جد,بنت,1/2,6,13,عالت المسألة,False
517,زوج، أم، بنت، أخوات لأب، جد,أخوات لأب,محجوب,0,13,عالت المسألة,False
517,زوج، أم، بنت، أخوات لأب، جد,جد,1/6,2,13,عالت المسألة,False
518,زوج، أم، بنت، جد، أخوات لأب، أخ لأب,زوج,1/4,3,13,عالت المسألة,False
518,زوج، أم، بنت، جد، أخوات لأب، أخ لأب,أم,1/6,2,13,عالت المسألة,False
518,زوج، أم، بنت، جد، أخوات لأب، أخ لأب,بنت,1/2,6,13,عالت المسألة,False
518,زوج، أم، بنت، جد، أخوات لأب، أخ لأب,جد,1/6,2,13,عالت المسألة,False
518,زوج، أم، بنت، جد، أخوات لأب، أخ لأب,أخوات لأب,محجوب,0,13,عالت المسألة,False
518,زوج، أم، بنت، جد، أخوات لأب، أخ لأب,أخ لأب,محجوب,0,13,عالت المسألة,False
519,زوجة، أم، بنت، أخوات لأب، جد,زوجة,1/8,3,24,,False
519,زوجة، أم، بنت، أخوات لأب، جد,أم,1/6,4,24,,False
519,زوجة، أم، بنت، أخوات لأب، جد,بنت,1/2,12,24,,False
519,زوجة، أم، بنت، أخوات لأب، جد,أخوات لأب,محجوب,0,24,,False
519,زوجة، أم، بنت، أخوات لأب، جد,جد,1/6,5,24,,False
520,زوجة، أم، جد، بنت، أخوات لأب، أخ لأب,زوجة,1/8,3,24,,False
520,زوجة، أم، جد، بنت، أخوات لأب، أخ لأب,أم,1/6,4,24,,False
520,زوجة، أم، جد، بنت، أخوات لأب، أخ لأب,جد,1/6,5,24,,False
520,زوجة، أم، جد، بنت، أخوات لأب، أخ لأب,بنت,1/2,12,24,,False
520,زوجة، أم، جد، بنت، أخوات لأب، أخ لأب,أخوات لأب,محجوب,0,24,,False
520,زوجة، أم، جد، بنت، أخوات لأب، أخ لأب,أخ لأب,محجوب,0,24,,False
521,زوج، جدة، بنت، أخوات لأب، جد,زوج,1/4,3,13,عالت المسألة,False
521,زوج، جدة، بنت، أخوات لأب، جد,جدة,1/6,2,13,عالت المسألة,False
521,زوج، جدة، بنت، أخوات لأب، جد,بنت,1/2,6,13,عالت المسألة,False
521,زوج، جدة، بنت، أخوات لأب، جد,أخوات لأب,محجوب,0,13,عالت المسألة,False
521,زوج، جدة، بنت، أخوات لأب، جد,جد,1/6,2,13,عالت المسألة,False
522,زوج، جدة، جد، بنت، أخوات لأب، أخ لأب,زوج,1/4,3,13,عالت المسألة,False
522,زوج، جدة، جد، بنت، أخوات لأب، أخ لأب,جدة,1/6,2,13,عالت المسألة,False
522,زوج، جدة، جد، بنت، أخوات لأب، أخ لأب,جد,1/6,2,13,عالت المسألة,False
522,زوج، جدة، جد، بنت، أخوات لأب، أخ لأب,بنت,1/2,6,13,عالت المسألة,False
522,زوج، جدة، جد، بنت، أخوات لأب، أخ لأب,أخوات لأب,محجوب,0,13,عالت المسألة,False
522,زوج، جدة، جد، بنت، أخوات لأب، أخ لأب,أخ لأب,محجوب,0,13,عالت المسألة,False
523,زوجة، جدة، بنت، أخوات لأب، جد,زوجة,1/8,3,24,,False
523,زوجة، جدة، بنت، أخوات لأب، جد,جدة,1/6,4,24,,False
523,زوجة، جدة، بنت، أخوات لأب، جد,بنت,1/2,12,24,,False
523,زوجة، جدة، بنت، أخوات لأب، جد,أخوات لأب,محجوب,0,24,,False
523,زوجة، جدة، بنت، أخوات لأب، جد,جد,1/6,5,24,,False
524,زوجة، جدة، جد، بنت، أخوات لأب، أخ لأب,زوجة,1/8,3,24,,False
524,زوجة، جدة، جد، بنت، أخوات لأب، أخ لأب,جدة,1/6,4,24,,False
524,زوجة، جدة، جد، بنت، أخوات لأب، أخ لأب,جد,1/6,5,24,,False
524,زوجة، جدة، جد، بنت، أخوات لأب، أخ لأب,بنت,1/2,12,24,,False
524,زوجة، جدة، جد، بنت، أخوات لأب، أخ لأب,أخوات لأب,محجوب,0,24,,False
524,زوجة، جدة، جد، بنت، أخوات لأب، أخ لأب,أخ لأب,محجوب,0,24,,False
525,ولد الأم، عم,ولد الأم,1/6,1,6,,False
525,ولد الأم، عم,عم,عصبة,5,6,,False
526,زوج، ولد الأم، عم,زوج,1/2,3,6,,False
526,زوج، ولد الأم، عم,ولد الأم,1/6,1,6,,False
526,زوج، ولد الأم، عم,عم,عصبة,2,6,,False
527,زوجة، ولد الأم، عم,زوجة,1/4,3,12,,False
527,زوجة، ولد الأم، عم,ولد الأم,1/6,2,12,,False
527,زوجة، ولد الأم، عم,عم,عصبة,7,12,,False
528,ولد الأم، أم، عم,ولد الأم,1/6,1,6,,False
528,ولد الأم، أم، عم,أم,1/3,2,6,,False
528,ولد الأم، أم، عم,عم,عصبة,3,6,,False
529,ولد الأم، جد,ولد الأم,محجوب,0,1,,False
529,ولد الأم، جد,جد,عصبة,1,1,,False
530,ولد الأم، جدة، عم,ولد الأم,1/6,1,6,,False
530,ولد الأم، جدة، عم,جدة,1/6,1,6,,False
530,ولد الأم، جدة، عم,عم,عصبة,4,6,,False
531,زوج، أم، ولد الأم، عم,زوج,1/2,3,6,,False
531,زوج، أم، ولد الأم، عم,أم,1/3,2,6,,False
531,زوج، أم، ولد الأم، عم,ولد الأم,1/6,1,6,,False
531,زوج، أم، ولد الأم، عم,عم,عصبة,0,6,,False
532,زوجة، أم، ولد الأم، عم,زوجة,1/4,3,12,,False
532,زوجة، أم، ولد الأم، عم,أم,1/3,4,12,,False
532,زوجة، أم، ولد الأم، عم,ولد الأم,1/6,2,12,,False
532,زوجة، أم، ولد الأم، عم,عم,عصبة,3,12,,False
533,زوج، ولد الأم، جد,زوج,1/2,1,2,,False
533,زوج، ولد الأم، جد,ولد الأم,محجوب,0,2,,False
533,زوج، ولد الأم، جد,جد,عصبة,1,2,,False
534,زوجة، ولد الأم، جد,زوجة,1/4,1,4,,False
534,زوجة، ولد الأم، جد,ولد الأم,محجوب,0,4,,False
534,زوجة، ولد الأم، جد,جد,عصبة,3,4,,False
535,زوج، جدة، ولد الأم، عم,زوج,1/2,3,6,,False
535,زوج، جدة، ولد الأم، عم,جدة,1/6,1,6,,False
535,زوج، جدة، ولد الأم، عم,ولد الأم,1/6,1,6,,False
535,زوج، جدة، ولد الأم، عم,عم,عصبة,1,6,,False
536,زوجة، جدة، ولد الأم، عم,زوجة,1/4,3,12,,False
536,زوجة، جدة، ولد الأم، عم,جدة,1/6,2,12,,False
536,زوجة، جدة، ولد الأم، عم,ولد الأم,1/6,2,12,,False
536,زوجة، جدة، ولد الأم، عم,عم,عصبة,5,12,,False
537,زوج، أم، ولد الأم، جد,زوج,1/2,3,6,,False
537,زوج، أم، ولد الأم، جد,أم,1/3,2,6,,False
537,زوج، أم، ولد الأم، جد,ولد الأم,محجوب,0,6,,False
537,زوج، أم، ولد الأم، جد,جد,عصبة,1,6,,False
538,زوجة، أم، ولد الأم، جد,زوجة,1/4,3,12,,False
538,زوجة، أم، ولد الأم، جد,أم,1/3,4,12,,False
538,زوجة، أم، ولد الأم، جد,ولد الأم,محجوب,0,12,,False
538,زوجة، أم، ولد الأم، جد,جد,عصبة,5,12,,False
539,زوج، جدة، ولد الأم، جد,زوج,1/2,3,6,,False
539,زوج، جدة، ولد الأم، جد,جدة,1/6,1,6,,False
539,زوج، جدة، ولد الأم، جد,ولد الأم,محجوب,0,6,,False
539,زوج، جدة، ولد الأم، جد,جد,عصبة,2,6,,False
540,زوجة، جدة، ولد الأم، جد,زوجة,1/4,3,12,,False
540,زوجة، جدة، ولد الأم، جد,جدة,1/6,2,12,,False
540,زوجة، جدة، ولد الأم، جد,ولد الأم,محجوب,0,12,,False
540,زوجة، جدة، ولد الأم، جد,جد,عصبة,7,12,,False
541,أولاد الأم، عم,أولاد الأم,1/3,1,3,,False
541,أولاد الأم، عم,عم,عصبة,2,3,,False
542,زوج، أولاد الأم، عم,زوج,1/2,3,6,,False
542,زوج، أولاد الأم، عم,أولاد الأم,1/3,2,6,,False
542,زوج، أولاد الأم، عم,عم,عصبة,1,6,,False
543,زوجة، أولاد الأم، عم,زوجة,1/4,3,12,,False
543,زوجة، أولاد الأم، عم,أولاد الأم,1/3,4,12,,False
543,زوجة، أولاد الأم، عم,عم,عصبة,5,12,,False
544,أولاد الأم، أم، عم,أولاد الأم,1/3,2,6,,False
544,أولاد الأم، أم، عم,أم,1/6,1,6,,False
544,أولاد الأم، أم، عم,عم,عصبة,3,6,,False
545,أولاد الأم، جد,أولاد الأم,محجوب,0,1,,False
545,أولاد الأم، جد,جد,عصبة,1,1,,False
546,أولاد الأم، جدة، عم,أولاد الأم,1/3,2,6,,False
546,أولاد الأم، جدة، عم,جدة,1/6,1,6,,False
546,أولاد الأم، جدة، عم,عم,عصبة,3,6,,False
547,زوج، أم، أولاد الأم، عم,زوج,1/2,3,6,,False
547,زوج، أم، أولاد الأم، عم,أم,1/6,1,6,,False
547,زوج، أم، أولاد الأم، عم,أولاد الأم,1/3,2,6,,False
547,زوج، أم، أولاد الأم، عم,عم,عصبة,0,6,,False
548,زوجة، أم، أولاد الأم، عم,زوجة,1/4,3,12,,False
548,زوجة، أم، أولاد الأم، عم,أم,1/6,2,12,,False
548,زوجة، أم، أولاد الأم، عم,أولاد الأم,1/3,4,12,,False
548,زوجة، أم، أولاد الأم، عم,عم,عصبة,3,12,,False
549,زوج، أولاد الأم، جد,زوج,1/2,1,2,,False
549,زوج، أولاد الأم، جد,أولاد الأم,محجوب,0,2,,False
549,زوج، أولاد الأم، جد,جد,عصبة,1,2,,False
550,زوجة، أولاد الأم، جد,زوجة,1/4,1,4,,False
550,زوجة، أولاد الأم، جد,أولاد الأم,محجوب,0,4,,False
550,زوجة، أولاد الأم، جد,جد,عصبة,3,4,,False
551,زوج، جدة، أولاد الأم، عم,زوج,1/2,3,6,,False
551,زوج، جدة، أولاد الأم، عم,جدة,1/6,1,6,,False
551,زوج، جدة، أولاد الأم، عم,أولاد الأم,1/3,2,6,,False
551,زوج، جدة، أولاد الأم، عم,عم,عصبة,0,6,,False
552,زوجة، جدة، أولاد الأم، عم,زوجة,1/4,3,12,,False
552,زوجة، جدة، أولاد الأم، عم,جدة,1/6,2,12,,False
552,زوجة، جدة، أولاد الأم، عم,أولاد الأم,1/3,4,12,,False
552,زوجة، جدة، أولاد الأم، عم,عم,عصبة,3,12,,False
553,زوج، أم، أولاد الأم، جد,زوج,1/2,3,6,,False
553,زوج، أم، أولاد الأم، جد,أم,1/6,1,6,,False
553,زوج، أم، أولاد الأم، جد,أولاد الأم,محجوب,0,6,,False
553,زوج، أم، أولاد الأم، جد,جد,عصبة,2,6,,False
554,زوجة، أم، أولاد الأم، جد,زوجة,1/4,3,12,,False
554,زوجة، أم، أولاد الأم، جد,أم,1/6,2,12,,False
554,زوجة، أم، أولاد الأم، جد,أولاد الأم,محجوب,0,12,,False
554,زوجة، أم، أولاد الأم، جد,جد,عصبة,7,12,,False
555,زوج، جدة، أولاد الأم، أب,زوج,1/2,3,6,,False
555,زوج، جدة، أولاد الأم، أب,جدة,1/6,1,6,,False
555,زوج، جدة، أولاد الأم، أب,أولاد الأم,محجوب,0,6,,False
555,زوج، جدة، أولاد الأم، أب,أب,عصبة,2,6,,False
556,زوجة، جدة، أولاد الأم، أب,زوجة,1/4,3,12,,False
556,زوجة، جدة، أولاد الأم، أب,جدة,1/6,2,12,,False
556,زوجة، جدة، أولاد الأم، أب,أولاد الأم,محجوب,0,12,,False
556,زوجة، جدة، أولاد الأم، أب,أب,عصبة,7,12,,False
557,زوج، جدة، أولاد الأم، جد,زوج,1/2,3,6,,False
557,زوج، جدة، أولاد الأم، جد,جدة,1/6,1,6,,False
557,زوج، جدة، أولاد الأم، جد,أولاد الأم,محجوب,0,6,,False
557,زوج، جدة، أولاد الأم، جد,جد,عصبة,2,6,,False
558,زوجة، جدة، أولاد الأم، جد,زوجة,1/4,3,12,,False
558,زوجة، جدة، أولاد الأم، جد,جدة,1/6,2,12,,False
558,زوجة، جدة، أولاد الأم، جد,أولاد الأم,محجوب,0,12,,False
558,زوجة، جدة، أولاد الأم، جد,جد,عصبة,7,12,,False
559,بنت، أولاد الأم,بنت,1/2,1,1,وفيها رد,False
559,بنت، أولاد الأم,أولاد الأم,محجوب,0,1,وفيها رد,False
560,زوج، بنت، أولاد الأم,زوج,1/4,1,4,وفيها رد,False
560,زوج، بنت، أولاد الأم,بنت,1/2,3,4,وفيها رد,False
560,زوج، بنت، أولاد الأم,أولاد الأم,محجوب,0,4,وفيها رد,False
561,زوجة، بنت، أولاد الأم,زوجة,1/8,1,8,وفيها رد,False
561,زوجة، بنت، أولاد الأم,بنت,1/2,7,8,وفيها رد,False
561,زوجة، بنت، أولاد الأم,أولاد الأم,محجوب,0,8,وفيها رد,False
562,أولاد الأم، بنت، أم,أولاد الأم,محجوب,0,4,وفيها رد,False
562,أولاد الأم، بنت، أم,بنت,1/2,3,4,وفيها رد,False
562,أولاد الأم، بنت، أم,أم,1/6,1,4,وفيها رد,False
563,بنت، أولاد الأم، جد,بنت,1/2,1,2,,False
563,بنت، أولاد الأم، جد,أولاد الأم,محجوب,0,2,,False
563,بنت، أولاد الأم، جد,جد,1/6,1,2,,False
564,بنت، أولاد الأم، جدة,بنت,1/2,3,4,وفيها رد,False
564,بنت، أولاد الأم، جدة,أولاد الأم,محجوب,0,4,وفيها رد,False
564,بنت، أولاد الأم، جدة,جدة,1/6,1,4,وفيها رد,False
565,زوج، أم، بنت، أولاد الأم,زوج,1/4,4,16,وفيها رد,False
565,زوج، أم، بنت، أولاد الأم,أم,1/6,3,16,وفيها رد,False
565,زوج، أم، بنت، أولاد الأم,بنت,1/2,9,16,وفيها رد,False
565,زوج، أم، بنت، أولاد الأم,أولاد الأم,محجوب,0,16,وفيها رد,False
566,زوجة، أم، بنت، أولاد الأم,زوجة,1/8,4,32,وفيها رد,False
566,زوجة، أم، بنت، أولاد الأم,أم,1/6,7,32,وفيها رد,False
566,زوجة، أم، بنت، أولاد الأم,بنت,1/2,21,32,وفيها رد,False
566,زوجة، أم، بنت، أولاد الأم,أولاد الأم,محجوب,0,32,وفيها رد,False
567,زوج، بنت، أولاد الأم، جد,زوج,1/4,1,4,,False
567,زوج، بنت، أولاد الأم، جد,بنت,1/2,2,4,,False
567,زوج، بنت، أولاد الأم، جد,أولاد الأم,محجوب,0,4,,False
567,زوج، بنت، أولاد الأم، جد,جد,1/6,1,4,,False
568,زوجة، بنت، أولاد الأم، جد,زوجة,1/8,1,8,,False
568,زوجة، بنت، أولاد الأم، جد,بنت,1/2,4,8,,False
568,زوجة، بنت، أولاد الأم، جد,أولاد الأم,محجوب,0,8,,False
568,زوجة، بنت، أولاد الأم، جد,جد,1/6,3,8,,False
569,زوج، جدة، بنت، أولاد الأم، عم,زوج,1/4,3,12,,False
569,زوج، جدة، بنت، أولاد الأم، عم,جدة,1/6,2,12,,False
569,زوج، جدة، بنت، أولاد الأم، عم,بنت,1/2,6,12,,False
569,زوج، جدة، بنت، أولاد الأم، عم,أولاد الأم,محجوب,0,12,,False
569,زوج، جدة، بنت، أولاد الأم، عم,عم,عصبة,1,12,,False
570,زوجة، جدة، بنت، أولاد الأم,زوجة,1/8,4,32,وفيها رد,False
570,زوجة، جدة، بنت، أولاد الأم,جدة,1/6,7,32,وفيها رد,False
570,زوجة، جدة، بنت، أولاد الأم,بنت,1/2,21,32,وفيها رد,False
570,زوجة، جدة، بنت، أولاد الأم,أولاد الأم,محجوب,0,32,وفيها رد,False
571,زوج، أم، بنت، أولاد الأم، جد,زوج,1/4,3,13,عالت المسألة,False
571,زوج، أم، بنت، أولاد الأم، جد,أم,1/6,2,13,عالت المسألة,False
571,زوج، أم، بنت، أولاد الأم، جد,بنت,1/2,6,13,عالت المسألة,False
571,زوج، أم، بنت، أولاد الأم، جد,أولاد الأم,محجوب,0,13,عالت المسألة,False
571,زوج، أم، بنت، أولاد الأم، جد,جد,1/6,2,13,عالت المسألة,False
572,زوجة، أم، بنت، أولاد الأم، جد,زوجة,1/8,3,24,,False
572,زوجة، أم، بنت، أولاد الأم، جد,أم,1/6,4,24,,False
572,زوجة، أم، بنت، أولاد الأم، جد,بنت,1/2,12,24,,False
572,زوجة، أم، بنت، أولاد الأم، جد,أولاد الأم,محجوب,0,24,,False
572,زوجة، أم، بنت، أولاد الأم، جد,جد,1/6,5,24,,False
573,زوج، جدة، بنت، أولاد الأم، جد,زوج,1/4,3,13,عالت المسألة,False
573,زوج، جدة، بنت، أولاد الأم، جد,جدة,1/6,2,13,عالت المسألة,False
573,زوج، جدة، بنت، أولاد الأم، جد,بنت,1/2,6,13,عالت المسألة,False
573,زوج، جدة، بنت، أولاد الأم، جد,أولاد الأم,محجوب,0,13,عالت المسألة,False
573,زوج، جدة، بنت، أولاد الأم، جد,جد,1/6,2,13,عالت المسألة,False
574,زوجة، جدة، بنت، أولاد الأم، جد,زوجة,1/8,3,24,,False
574,زوجة، جدة، بنت، أولاد الأم، جد,جدة,1/6,4,24,,False
574,زوجة، جدة، بنت، أولاد الأم، جد,بنت,1/2,12,24,,False
574,زوجة، جدة، بنت، أولاد الأم، جد,أولاد الأم,محجوب,0,24,,False
574,زوجة، جدة، بنت، أولاد الأم، جد,جد,1/6,5,24,,False
